timestamp,adjclose,open,high,volume,low,close
2014-09-17 00:00:00,457.3340148925781,465.864013671875,468.17401123046875,21056800,452.4219970703125,457.3340148925781
2014-09-18 00:00:00,424.44000244140625,456.8599853515625,456.8599853515625,34483200,413.10400390625,424.44000244140625
2014-09-19 00:00:00,394.7959899902344,424.1029968261719,427.8349914550781,37919700,384.5320129394531,394.7959899902344
2014-09-20 00:00:00,408.90399169921875,394.6730041503906,423.2959899902344,36863600,389.88299560546875,408.90399169921875
2014-09-21 00:00:00,398.8210144042969,408.0849914550781,412.4259948730469,26580100,393.1809997558594,398.8210144042969
2014-09-22 00:00:00,402.1520080566406,399.1000061035156,406.9159851074219,24127600,397.1300048828125,402.1520080566406
2014-09-23 00:00:00,435.7909851074219,402.0920104980469,441.5570068359375,45099500,396.1969909667969,435.7909851074219
2014-09-24 00:00:00,423.2049865722656,435.7510070800781,436.11199951171875,30627700,421.1319885253906,423.2049865722656
2014-09-25 00:00:00,411.5740051269531,423.156005859375,423.5199890136719,26814400,409.4679870605469,411.5740051269531
2014-09-26 00:00:00,404.42498779296875,411.4289855957031,414.93798828125,21460800,400.0090026855469,404.42498779296875
2014-09-27 00:00:00,399.5199890136719,403.5559997558594,406.62298583984375,15029300,397.37200927734375,399.5199890136719
2014-09-28 00:00:00,377.1809997558594,399.47100830078125,401.0169982910156,23613300,374.3320007324219,377.1809997558594
2014-09-29 00:00:00,375.4670104980469,376.9280090332031,385.21099853515625,32497700,372.239990234375,375.4670104980469
2014-09-30 00:00:00,386.9440002441406,376.0880126953125,390.97698974609375,34707300,373.4429931640625,386.9440002441406
2014-10-01 00:00:00,383.614990234375,387.427001953125,391.3789978027344,26229400,380.7799987792969,383.614990234375
2014-10-02 00:00:00,375.0719909667969,383.9880065917969,385.49700927734375,21777700,372.9460144042969,375.0719909667969
2014-10-03 00:00:00,359.5119934082031,375.1809997558594,377.69500732421875,30901200,357.8590087890625,359.5119934082031
2014-10-04 00:00:00,328.8659973144531,359.8919982910156,364.48699951171875,47236500,325.885986328125,328.8659973144531
2014-10-05 00:00:00,320.510009765625,328.9159851074219,341.8009948730469,83308096,289.2959899902344,320.510009765625
2014-10-06 00:00:00,330.0790100097656,320.3890075683594,345.1340026855469,79011800,302.55999755859375,330.0790100097656
2014-10-07 00:00:00,336.18701171875,330.5840148925781,339.24700927734375,49199900,320.48199462890625,336.18701171875
2014-10-08 00:00:00,352.94000244140625,336.1159973144531,354.364013671875,54736300,327.18798828125,352.94000244140625
2014-10-09 00:00:00,365.0260009765625,352.74798583984375,382.72601318359375,83641104,347.68701171875,365.0260009765625
2014-10-10 00:00:00,361.56201171875,364.68701171875,375.0669860839844,43665700,352.9630126953125,361.56201171875
2014-10-11 00:00:00,362.29901123046875,361.36199951171875,367.1910095214844,13345200,355.95098876953125,362.29901123046875
2014-10-12 00:00:00,378.54901123046875,362.6059875488281,379.4330139160156,17552800,356.1440124511719,378.54901123046875
2014-10-13 00:00:00,390.41400146484375,377.9209899902344,397.22601318359375,35221400,368.8970031738281,390.41400146484375
2014-10-14 00:00:00,400.8699951171875,391.6919860839844,411.697998046875,38491500,391.3240051269531,400.8699951171875
2014-10-15 00:00:00,394.77301025390625,400.9549865722656,402.22698974609375,25267100,388.7659912109375,394.77301025390625
2014-10-16 00:00:00,382.5559997558594,394.51800537109375,398.8070068359375,26990000,373.07000732421875,382.5559997558594
2014-10-17 00:00:00,383.75799560546875,382.7560119628906,385.4779968261719,13600700,375.3890075683594,383.75799560546875
2014-10-18 00:00:00,391.4419860839844,383.97601318359375,395.1579895019531,11416800,378.97100830078125,391.4419860839844
2014-10-19 00:00:00,389.5459899902344,391.2539978027344,393.9389953613281,5914570,386.4570007324219,389.5459899902344
2014-10-20 00:00:00,382.8450012207031,389.2309875488281,390.0840148925781,16419000,378.25201416015625,382.8450012207031
2014-10-21 00:00:00,386.4750061035156,382.4209899902344,392.64599609375,14188900,380.8340148925781,386.4750061035156
2014-10-22 00:00:00,383.1579895019531,386.1180114746094,388.57598876953125,11641300,382.2489929199219,383.1579895019531
2014-10-23 00:00:00,358.4169921875,382.9620056152344,385.0480041503906,26456900,356.4469909667969,358.4169921875
2014-10-24 00:00:00,358.3450012207031,358.59100341796875,364.3450012207031,15585700,353.30499267578125,358.3450012207031
2014-10-25 00:00:00,347.27099609375,358.6109924316406,359.8609924316406,18127500,342.87701416015625,347.27099609375
2014-10-26 00:00:00,354.7040100097656,347.48699951171875,359.22100830078125,11272500,343.9309997558594,354.7040100097656
2014-10-27 00:00:00,352.989013671875,354.7770080566406,358.6319885253906,13033000,349.8089904785156,352.989013671875
2014-10-28 00:00:00,357.6180114746094,353.2149963378906,359.9840087890625,7845880,352.6789855957031,357.6180114746094
2014-10-29 00:00:00,335.59100341796875,357.0889892578125,357.8330078125,18192700,335.3429870605469,335.59100341796875
2014-10-30 00:00:00,345.30499267578125,335.7090148925781,350.9129943847656,30177900,335.0719909667969,345.30499267578125
2014-10-31 00:00:00,338.3210144042969,345.0090026855469,348.0450134277344,12545400,337.1419982910156,338.3210144042969
2014-11-01 00:00:00,325.7489929199219,338.6499938964844,340.52899169921875,16677200,321.05499267578125,325.7489929199219
2014-11-02 00:00:00,325.8919982910156,326.07501220703125,329.04998779296875,8603620,320.6260070800781,325.8919982910156
2014-11-03 00:00:00,327.5539855957031,325.5690002441406,334.00201416015625,12948500,325.4809875488281,327.5539855957031
2014-11-04 00:00:00,330.49200439453125,327.1610107421875,331.7669982910156,15655500,325.0769958496094,330.49200439453125
2014-11-05 00:00:00,339.4859924316406,330.6830139160156,343.3689880371094,19817200,330.6830139160156,339.4859924316406
2014-11-06 00:00:00,349.2900085449219,339.4580078125,352.96600341796875,18797000,338.42401123046875,349.2900085449219
2014-11-07 00:00:00,342.4150085449219,349.8179931640625,352.73199462890625,16834200,341.7760009765625,342.4150085449219
2014-11-08 00:00:00,345.4880065917969,342.15399169921875,347.0320129394531,8535470,342.15399169921875,345.4880065917969
2014-11-09 00:00:00,363.2640075683594,345.3760070800781,363.6260070800781,24205600,344.2550048828125,363.2640075683594
2014-11-10 00:00:00,366.92401123046875,362.2650146484375,374.8160095214844,30450100,357.5610046386719,366.92401123046875
2014-11-11 00:00:00,367.69500732421875,365.85699462890625,371.30999755859375,15838900,363.7349853515625,367.69500732421875
2014-11-12 00:00:00,423.5610046386719,367.9849853515625,429.7179870605469,45783200,367.9849853515625,423.5610046386719
2014-11-13 00:00:00,420.7349853515625,427.27301025390625,457.0929870605469,58945000,401.12298583984375,420.7349853515625
2014-11-14 00:00:00,397.8179931640625,418.4169921875,419.25201416015625,29589200,384.78900146484375,397.8179931640625
2014-11-15 00:00:00,376.13299560546875,399.6499938964844,405.52801513671875,15727500,371.00799560546875,376.13299560546875
2014-11-16 00:00:00,387.8819885253906,374.7300109863281,390.79901123046875,11905600,374.60198974609375,387.8819885253906
2014-11-17 00:00:00,387.4079895019531,388.3489990234375,410.1990051269531,41518800,377.50201416015625,387.4079895019531
2014-11-18 00:00:00,375.197998046875,387.7850036621094,392.4020080566406,32222500,371.11700439453125,375.197998046875
2014-11-19 00:00:00,380.55499267578125,373.89599609375,386.4809875488281,18931800,373.89599609375,380.55499267578125
2014-11-20 00:00:00,357.8399963378906,380.3070068359375,382.0249938964844,25233200,356.781005859375,357.8399963378906
2014-11-21 00:00:00,350.8479919433594,357.8789978027344,357.8789978027344,29850100,344.11199951171875,350.8479919433594
2014-11-22 00:00:00,352.9200134277344,351.60400390625,364.84100341796875,15273000,350.87799072265625,352.9200134277344
2014-11-23 00:00:00,367.572998046875,353.17498779296875,370.8450012207031,15151600,353.17498779296875,367.572998046875
2014-11-24 00:00:00,376.9010009765625,366.947998046875,387.2090148925781,30930100,366.66900634765625,376.9010009765625
2014-11-25 00:00:00,375.3479919433594,376.885986328125,394.70098876953125,25442200,374.78399658203125,375.3479919433594
2014-11-26 00:00:00,368.3699951171875,376.0190124511719,377.697998046875,18601700,365.8160095214844,368.3699951171875
2014-11-27 00:00:00,369.6700134277344,370.50201416015625,373.99200439453125,8748030,368.2820129394531,369.6700134277344
2014-11-28 00:00:00,376.4469909667969,369.3739929199219,382.8380126953125,22946500,358.4549865722656,376.4469909667969
2014-11-29 00:00:00,375.4909973144531,376.1520080566406,387.60101318359375,15375600,372.1449890136719,375.4909973144531
2014-11-30 00:00:00,378.0469970703125,375.510009765625,382.5270080566406,9194440,373.3089904785156,378.0469970703125
2014-12-01 00:00:00,379.2449951171875,378.2489929199219,383.6619873046875,11763000,376.66900634765625,379.2449951171875
2014-12-02 00:00:00,381.31500244140625,379.25,384.0379943847656,12364100,377.8630065917969,381.31500244140625
2014-12-03 00:00:00,375.010009765625,381.72198486328125,383.0260009765625,13340100,374.34600830078125,375.010009765625
2014-12-04 00:00:00,369.60400390625,375.7179870605469,378.6549987792969,14529600,367.7590026855469,369.60400390625
2014-12-05 00:00:00,376.85400390625,369.4419860839844,379.1919860839844,15181800,365.7560119628906,376.85400390625
2014-12-06 00:00:00,374.7850036621094,376.7569885253906,378.447998046875,7009320,370.94500732421875,374.7850036621094
2014-12-07 00:00:00,375.0950012207031,374.83599853515625,376.2919921875,6491650,373.2749938964844,375.0950012207031
2014-12-08 00:00:00,361.90899658203125,374.9649963378906,376.02899169921875,18898700,361.885986328125,361.90899658203125
2014-12-09 00:00:00,352.218994140625,361.8949890136719,363.0669860839844,32915500,344.95098876953125,352.218994140625
2014-12-10 00:00:00,346.364990234375,352.2049865722656,352.3840026855469,16427700,346.364990234375,346.364990234375
2014-12-11 00:00:00,350.5060119628906,344.3399963378906,361.35699462890625,32431300,338.76300048828125,350.5060119628906
2014-12-12 00:00:00,352.5419921875,350.8330078125,352.9830017089844,16989800,349.2909851074219,352.5419921875
2014-12-13 00:00:00,347.3760070800781,352.3810119628906,352.3810119628906,11675900,346.5880126953125,347.3760070800781
2014-12-14 00:00:00,351.6319885253906,346.72698974609375,353.3160095214844,12415200,345.4179992675781,351.6319885253906
2014-12-15 00:00:00,345.3450012207031,351.3609924316406,351.81500244140625,17264200,344.9339904785156,345.3450012207031
2014-12-16 00:00:00,327.06201171875,345.6730041503906,345.8590087890625,30864900,327.06201171875,327.06201171875
2014-12-17 00:00:00,319.7760009765625,326.8550109863281,333.9540100097656,37567900,315.1520080566406,319.7760009765625
2014-12-18 00:00:00,311.39599609375,319.7850036621094,323.7090148925781,39173000,304.23199462890625,311.39599609375
2014-12-19 00:00:00,317.8429870605469,311.1789855957031,318.5329895019531,23823100,306.7690124511719,317.8429870605469
2014-12-20 00:00:00,329.95599365234375,317.6189880371094,330.32501220703125,20856700,316.04400634765625,329.95599365234375
2014-12-21 00:00:00,320.8429870605469,329.5429992675781,329.6289978027344,15207600,318.90301513671875,320.8429870605469
2014-12-22 00:00:00,331.885986328125,321.0679931640625,334.11700439453125,22315100,320.42498779296875,331.885986328125
2014-12-23 00:00:00,334.5719909667969,332.0169982910156,336.2869873046875,16574200,329.60198974609375,334.5719909667969
2014-12-24 00:00:00,322.53399658203125,334.385009765625,334.7409973144531,15092300,321.35699462890625,322.53399658203125
2014-12-25 00:00:00,319.00799560546875,322.2860107421875,322.6700134277344,9883640,316.9580078125,319.00799560546875
2014-12-26 00:00:00,327.92401123046875,319.1520080566406,331.42401123046875,16410500,316.62701416015625,327.92401123046875
2014-12-27 00:00:00,315.8630065917969,327.5830078125,328.9110107421875,15185200,312.6300048828125,315.8630065917969
2014-12-28 00:00:00,317.239013671875,316.1600036621094,320.02801513671875,11676600,311.0780029296875,317.239013671875
2014-12-29 00:00:00,312.6700134277344,317.70098876953125,320.2669982910156,12302500,312.3070068359375,312.6700134277344
2014-12-30 00:00:00,310.73699951171875,312.718994140625,314.8089904785156,12528300,309.37298583984375,310.73699951171875
2014-12-31 00:00:00,320.1929931640625,310.91400146484375,320.1929931640625,13942900,310.21099853515625,320.1929931640625
2015-01-01 00:00:00,314.2489929199219,320.43499755859375,320.43499755859375,8036550,314.00299072265625,314.2489929199219
2015-01-02 00:00:00,315.0320129394531,314.0790100097656,315.8389892578125,7860650,313.56500244140625,315.0320129394531
2015-01-03 00:00:00,281.0820007324219,314.84600830078125,315.1499938964844,33054400,281.0820007324219,281.0820007324219
2015-01-04 00:00:00,264.19500732421875,281.14599609375,287.2300109863281,55629100,257.61199951171875,264.19500732421875
2015-01-05 00:00:00,274.4739990234375,265.0840148925781,278.34100341796875,43962800,265.0840148925781,274.4739990234375
2015-01-06 00:00:00,286.1889953613281,274.6109924316406,287.5530090332031,23245700,272.6960144042969,286.1889953613281
2015-01-07 00:00:00,294.3370056152344,286.0769958496094,298.7539978027344,24866800,283.0790100097656,294.3370056152344
2015-01-08 00:00:00,283.3489990234375,294.135009765625,294.135009765625,19982500,282.17498779296875,283.3489990234375
2015-01-09 00:00:00,290.4079895019531,282.38299560546875,291.114013671875,18718600,280.5329895019531,290.4079895019531
2015-01-10 00:00:00,274.7959899902344,287.3030090332031,288.12701416015625,15264300,273.96600341796875,274.7959899902344
2015-01-11 00:00:00,265.6600036621094,274.6080017089844,279.63800048828125,18200800,265.03900146484375,265.6600036621094
2015-01-12 00:00:00,267.7959899902344,266.14599609375,272.2030029296875,18880300,265.20001220703125,267.7959899902344
2015-01-13 00:00:00,225.86099243164062,267.3940124511719,268.2770080566406,72843904,219.906005859375,225.86099243164062
2015-01-14 00:00:00,178.10299682617188,223.8939971923828,223.8939971923828,97638704,171.50999450683594,178.10299682617188
2015-01-15 00:00:00,209.843994140625,176.89700317382812,229.06700134277344,81773504,176.89700317382812,209.843994140625
2015-01-16 00:00:00,208.0970001220703,209.07000732421875,221.59100341796875,38421000,199.77099609375,208.0970001220703
2015-01-17 00:00:00,199.25999450683594,207.83399963378906,211.7310028076172,23469700,194.875,199.25999450683594
2015-01-18 00:00:00,210.33900451660156,200.0500030517578,218.69500732421875,30085100,194.50599670410156,210.33900451660156
2015-01-19 00:00:00,214.86099243164062,211.4709930419922,216.72799682617188,18658300,207.3179931640625,214.86099243164062
2015-01-20 00:00:00,211.31500244140625,212.90699768066406,215.24099731445312,24051100,205.1529998779297,211.31500244140625
2015-01-21 00:00:00,226.89700317382812,211.3780059814453,227.78799438476562,29924600,211.21200561523438,226.89700317382812
2015-01-22 00:00:00,233.406005859375,227.32200622558594,237.0189971923828,33544600,226.4340057373047,233.406005859375
2015-01-23 00:00:00,232.87899780273438,233.51699829101562,234.84500122070312,24621700,225.1959991455078,232.87899780273438
2015-01-24 00:00:00,247.8470001220703,232.6999969482422,248.2100067138672,24782500,230.02200317382812,247.8470001220703
2015-01-25 00:00:00,253.71800231933594,247.3520050048828,255.07400512695312,33582700,243.88999938964844,253.71800231933594
2015-01-26 00:00:00,273.4729919433594,254.07899475097656,309.3840026855469,106794000,254.07899475097656,273.4729919433594
2015-01-27 00:00:00,263.4750061035156,273.1669921875,275.4800109863281,44399000,250.6529998779297,263.4750061035156
2015-01-28 00:00:00,233.9149932861328,263.35101318359375,266.5350036621094,44352200,227.04600524902344,233.9149932861328
2015-01-29 00:00:00,233.51300048828125,233.34800720214844,238.70599365234375,32213400,220.71200561523438,233.51300048828125
2015-01-30 00:00:00,226.4250030517578,232.77200317382812,242.8509979248047,26605200,225.83900451660156,226.4250030517578
2015-01-31 00:00:00,217.46400451660156,226.4409942626953,233.50399780273438,23348200,216.3090057373047,217.46400451660156
2015-02-01 00:00:00,226.9720001220703,216.86700439453125,231.57400512695312,29128500,212.01499938964844,226.9720001220703
2015-02-02 00:00:00,238.22900390625,226.49099731445312,242.1750030517578,30612100,222.65899658203125,238.22900390625
2015-02-03 00:00:00,227.26800537109375,237.45399475097656,245.95700073242188,40783700,224.48300170898438,227.26800537109375
2015-02-04 00:00:00,226.85299682617188,227.51100158691406,230.05799865722656,26594300,221.11300659179688,226.85299682617188
2015-02-05 00:00:00,217.11099243164062,227.6649932861328,239.40499877929688,22516400,214.72500610351562,217.11099243164062
2015-02-06 00:00:00,222.26600646972656,216.92300415039062,230.50999450683594,24435300,216.23199462890625,222.26600646972656
2015-02-07 00:00:00,227.75399780273438,222.63299560546875,230.2989959716797,21604200,222.60699462890625,227.75399780273438
2015-02-08 00:00:00,223.41200256347656,227.6929931640625,229.43800354003906,17145200,221.07699584960938,223.41200256347656
2015-02-09 00:00:00,220.11000061035156,223.38900756835938,223.9770050048828,27791300,217.0189971923828,220.11000061035156
2015-02-10 00:00:00,219.83900451660156,220.28199768066406,221.8070068359375,21115100,215.33200073242188,219.83900451660156
2015-02-11 00:00:00,219.18499755859375,219.73199462890625,223.406005859375,17201900,218.07400512695312,219.18499755859375
2015-02-12 00:00:00,221.76400756835938,219.20799255371094,222.19900512695312,15206200,217.61399841308594,221.76400756835938
2015-02-13 00:00:00,235.427001953125,221.968994140625,240.25900268554688,42744400,221.26199340820312,235.427001953125
2015-02-14 00:00:00,257.3210144042969,235.5279998779297,259.8080139160156,49732500,235.5279998779297,257.3210144042969
2015-02-15 00:00:00,234.8249969482422,257.5069885253906,265.6109924316406,56552400,227.6840057373047,234.8249969482422
2015-02-16 00:00:00,233.84300231933594,234.8249969482422,239.52099609375,28153700,229.02200317382812,233.84300231933594
2015-02-17 00:00:00,243.61000061035156,233.4219970703125,245.77499389648438,27363100,232.31399536132812,243.61000061035156
2015-02-18 00:00:00,236.3260040283203,243.77999877929688,244.25100708007812,25200800,232.33999633789062,236.3260040283203
2015-02-19 00:00:00,240.2830047607422,236.41000366210938,242.6719970703125,18270500,235.5919952392578,240.2830047607422
2015-02-20 00:00:00,243.7790069580078,240.25100708007812,247.1009979248047,23876700,239.2989959716797,243.7790069580078
2015-02-21 00:00:00,244.53399658203125,243.7519989013672,255.32000732421875,12284200,243.1840057373047,244.53399658203125
2015-02-22 00:00:00,235.9770050048828,244.54400634765625,246.39199829101562,19527000,233.8509979248047,235.9770050048828
2015-02-23 00:00:00,238.89199829101562,235.9949951171875,240.10899353027344,16400000,232.42100524902344,238.89199829101562
2015-02-24 00:00:00,238.73500061035156,238.9980010986328,239.9010009765625,14200400,236.40199279785156,238.73500061035156
2015-02-25 00:00:00,237.47000122070312,238.88999938964844,239.33999633789062,11496200,235.52999877929688,237.47000122070312
2015-02-26 00:00:00,236.42599487304688,237.33700561523438,237.7100067138672,13619400,234.2570037841797,236.42599487304688
2015-02-27 00:00:00,253.8280029296875,236.43600463867188,256.65301513671875,44013900,236.43600463867188,253.8280029296875
2015-02-28 00:00:00,254.26300048828125,253.52000427246094,254.69200134277344,13949300,249.47900390625,254.26300048828125
2015-03-01 00:00:00,260.2019958496094,254.2830047607422,261.6600036621094,25213700,245.93299865722656,260.2019958496094
2015-03-02 00:00:00,275.6700134277344,260.35699462890625,276.3009948730469,40465700,258.31298828125,275.6700134277344
2015-03-03 00:00:00,281.7019958496094,275.0459899902344,285.7959899902344,50461300,268.1610107421875,281.7019958496094
2015-03-04 00:00:00,273.0920104980469,281.989990234375,284.2250061035156,41383000,268.1260070800781,273.0920104980469
2015-03-05 00:00:00,276.1780090332031,272.739013671875,281.6669921875,41302400,264.7690124511719,276.1780090332031
2015-03-06 00:00:00,272.7229919433594,275.6000061035156,277.6080017089844,28918900,270.0150146484375,272.7229919433594
2015-03-07 00:00:00,276.260986328125,272.29400634765625,277.85400390625,17825900,270.13299560546875,276.260986328125
2015-03-08 00:00:00,274.35400390625,276.4330139160156,277.8580017089844,22067900,272.56500244140625,274.35400390625
2015-03-09 00:00:00,289.60699462890625,274.81201171875,292.70098876953125,59178200,273.89300537109375,289.60699462890625
2015-03-10 00:00:00,291.760009765625,289.86199951171875,300.04400634765625,67770800,289.7430114746094,291.760009765625
2015-03-11 00:00:00,296.3789978027344,291.5249938964844,297.3909912109375,33963900,290.50799560546875,296.3789978027344
2015-03-12 00:00:00,294.35400390625,296.12701416015625,297.0880126953125,32585200,292.4129943847656,294.35400390625
2015-03-13 00:00:00,285.3370056152344,294.1180114746094,294.49798583984375,31421500,285.3370056152344,285.3370056152344
2015-03-14 00:00:00,281.885009765625,284.4419860839844,286.3420104980469,22612300,280.97601318359375,281.885009765625
2015-03-15 00:00:00,286.39300537109375,281.42498779296875,286.52899169921875,11970100,280.9960021972656,286.39300537109375
2015-03-16 00:00:00,290.5929870605469,285.68499755859375,294.11199951171875,21516100,285.68499755859375,290.5929870605469
2015-03-17 00:00:00,285.5050048828125,290.5950012207031,292.364990234375,21497200,284.3739929199219,285.5050048828125
2015-03-18 00:00:00,256.29901123046875,285.0669860839844,285.33599853515625,57008000,249.8699951171875,256.29901123046875
2015-03-19 00:00:00,260.9280090332031,255.8800048828125,264.2439880371094,52732000,248.63600158691406,260.9280090332031
2015-03-20 00:00:00,261.7489929199219,260.95599365234375,264.8479919433594,18456700,259.1619873046875,261.7489929199219
2015-03-21 00:00:00,260.0249938964844,261.6440124511719,262.1960144042969,17130100,255.64999389648438,260.0249938964844
2015-03-22 00:00:00,267.9599914550781,259.9169921875,269.74700927734375,18438100,259.5899963378906,267.9599914550781
2015-03-23 00:00:00,266.739990234375,267.8949890136719,277.2969970703125,22811900,261.7449951171875,266.739990234375
2015-03-24 00:00:00,245.59500122070312,266.5769958496094,267.00299072265625,40073700,244.15499877929688,245.59500122070312
2015-03-25 00:00:00,246.19700622558594,247.4720001220703,249.19000244140625,35866900,236.51499938964844,246.19700622558594
2015-03-26 00:00:00,248.53199768066406,246.2760009765625,254.35400390625,25730000,244.90499877929688,248.53199768066406
2015-03-27 00:00:00,247.0290069580078,248.5659942626953,256.8110046386719,17274900,245.21299743652344,247.0290069580078
2015-03-28 00:00:00,252.79800415039062,246.97500610351562,254.2050018310547,16040900,246.97500610351562,252.79800415039062
2015-03-29 00:00:00,242.71299743652344,252.74000549316406,253.13900756835938,21699400,240.85000610351562,242.71299743652344
2015-03-30 00:00:00,247.5260009765625,242.87899780273438,249.24200439453125,23009600,239.21400451660156,247.5260009765625
2015-03-31 00:00:00,244.2239990234375,247.45399475097656,248.72999572753906,22672000,242.73899841308594,244.2239990234375
2015-04-01 00:00:00,247.27200317382812,244.22300720214844,247.54100036621094,22877200,241.16000366210938,247.27200317382812
2015-04-02 00:00:00,253.0050048828125,247.08900451660156,254.46099853515625,26272600,245.41600036621094,253.0050048828125
2015-04-03 00:00:00,254.32200622558594,253.07400512695312,256.0429992675781,23146600,251.87899780273438,254.32200622558594
2015-04-04 00:00:00,253.69700622558594,254.29100036621094,255.25799560546875,12493500,251.10000610351562,253.69700622558594
2015-04-05 00:00:00,260.5979919433594,253.76100158691406,260.67498779296875,19649200,251.94200134277344,260.5979919433594
2015-04-06 00:00:00,255.49200439453125,260.72100830078125,261.7980041503906,20034200,254.5749969482422,255.49200439453125
2015-04-07 00:00:00,253.17999267578125,255.2740020751953,255.80499267578125,18467400,252.2050018310547,253.17999267578125
2015-04-08 00:00:00,245.02200317382812,253.06399536132812,253.8470001220703,30086400,244.21499633789062,245.02200317382812
2015-04-09 00:00:00,243.67599487304688,244.75100708007812,246.1179962158203,21643500,239.39999389648438,243.67599487304688
2015-04-10 00:00:00,236.07200622558594,243.69400024414062,243.69400024414062,28882000,232.77099609375,236.07200622558594
2015-04-11 00:00:00,236.552001953125,236.01600646972656,239.53700256347656,16365200,234.1750030517578,236.552001953125
2015-04-12 00:00:00,236.1529998779297,236.53500366210938,237.72799682617188,12387900,233.4949951171875,236.1529998779297
2015-04-13 00:00:00,224.58700561523438,235.9499969482422,236.93499755859375,31181800,221.99600219726562,224.58700561523438
2015-04-14 00:00:00,219.15899658203125,224.75900268554688,224.9759979248047,31719000,216.322998046875,219.15899658203125
2015-04-15 00:00:00,223.83299255371094,219.072998046875,223.83299255371094,22562000,218.6490020751953,223.83299255371094
2015-04-16 00:00:00,228.572998046875,223.91700744628906,229.6719970703125,24805400,223.91700744628906,228.572998046875
2015-04-17 00:00:00,222.8820037841797,228.5749969482422,228.906005859375,20429800,221.94200134277344,222.8820037841797
2015-04-18 00:00:00,223.3560028076172,222.85299682617188,224.3159942626953,12939000,220.87600708007812,223.3560028076172
2015-04-19 00:00:00,222.60000610351562,223.45599365234375,226.35299682617188,15021500,222.3730010986328,222.60000610351562
2015-04-20 00:00:00,224.62600708007812,222.61199951171875,226.3509979248047,18364700,221.9770050048828,224.62600708007812
2015-04-21 00:00:00,235.2689971923828,224.6199951171875,235.2689971923828,24978000,224.30099487304688,235.2689971923828
2015-04-22 00:00:00,234.17599487304688,235.6020050048828,237.90899658203125,23847900,233.4759979248047,234.17599487304688
2015-04-23 00:00:00,236.46200561523438,234.05299377441406,236.47500610351562,17036000,233.19900512695312,236.46200561523438
2015-04-24 00:00:00,231.26800537109375,235.97000122070312,236.30499267578125,21448700,229.93299865722656,231.26800537109375
2015-04-25 00:00:00,226.38999938964844,231.23500061035156,232.56100463867188,13957200,226.33700561523438,226.38999938964844
2015-04-26 00:00:00,219.42999267578125,226.41000366210938,226.94400024414062,28943700,214.87399291992188,219.42999267578125
2015-04-27 00:00:00,229.28599548339844,219.4290008544922,233.30499267578125,38574000,218.0229949951172,229.28599548339844
2015-04-28 00:00:00,225.85499572753906,228.968994140625,229.4949951171875,21469200,223.06900024414062,225.85499572753906
2015-04-29 00:00:00,225.80799865722656,225.59100341796875,227.0399932861328,18936500,223.42999267578125,225.80799865722656
2015-04-30 00:00:00,236.14500427246094,225.6929931640625,239.56300354003906,33818600,224.9929962158203,236.14500427246094
2015-05-01 00:00:00,232.07899475097656,235.93899536132812,238.96600341796875,18815300,232.07899475097656,232.07899475097656
2015-05-02 00:00:00,234.92999267578125,232.34100341796875,235.7270050048828,12535500,232.34100341796875,234.92999267578125
2015-05-03 00:00:00,240.35800170898438,234.8800048828125,243.24000549316406,18494100,234.08299255371094,240.35800170898438
2015-05-04 00:00:00,239.01800537109375,240.3560028076172,242.63800048828125,21223400,237.80999755859375,239.01800537109375
2015-05-05 00:00:00,236.12100219726562,238.8520050048828,239.20399475097656,23929100,232.0540008544922,236.12100219726562
2015-05-06 00:00:00,229.78199768066406,236.24899291992188,236.45399475097656,29587200,229.2310028076172,229.78199768066406
2015-05-07 00:00:00,237.33399963378906,229.66200256347656,239.10499572753906,29064400,228.572998046875,237.33399963378906
2015-05-08 00:00:00,243.86300659179688,237.20399475097656,246.27499389648438,27445500,236.2740020751953,243.86300659179688
2015-05-09 00:00:00,241.83200073242188,243.7689971923828,247.8040008544922,19790500,239.63900756835938,241.83200073242188
2015-05-10 00:00:00,240.29600524902344,241.72900390625,244.0679931640625,15019100,238.8489990234375,240.29600524902344
2015-05-11 00:00:00,242.1580047607422,240.2989959716797,244.27000427246094,20892300,239.37600708007812,242.1580047607422
2015-05-12 00:00:00,241.11199951171875,242.14500427246094,242.88099670410156,19282600,240.0989990234375,241.11199951171875
2015-05-13 00:00:00,236.3769989013672,241.3979949951172,243.70399475097656,27180100,235.0449981689453,236.3769989013672
2015-05-14 00:00:00,236.9290008544922,236.21400451660156,237.7989959716797,24413700,234.0570068359375,236.9290008544922
2015-05-15 00:00:00,237.60499572753906,236.9550018310547,238.7530059814453,16329400,236.7949981689453,237.60499572753906
2015-05-16 00:00:00,236.1529998779297,237.6439971923828,237.69700622558594,11089700,235.2949981689453,236.1529998779297
2015-05-17 00:00:00,236.802001953125,236.00999450683594,238.02499389648438,11134300,236.00999450683594,236.802001953125
2015-05-18 00:00:00,233.1280059814453,236.88699340820312,237.2100067138672,16780300,232.4600067138672,233.1280059814453
2015-05-19 00:00:00,231.94700622558594,233.03700256347656,234.1510009765625,14241900,231.81700134277344,231.94700622558594
2015-05-20 00:00:00,234.01800537109375,231.88999938964844,234.68299865722656,15499400,231.8419952392578,234.01800537109375
2015-05-21 00:00:00,235.343994140625,234.01600646972656,236.24200439453125,15108900,233.8350067138672,235.343994140625
2015-05-22 00:00:00,240.34800720214844,235.3209991455078,240.968994140625,27003000,235.05999755859375,240.34800720214844
2015-05-23 00:00:00,238.8719940185547,240.28599548339844,241.02499389648438,14605000,238.6909942626953,238.8719940185547
2015-05-24 00:00:00,240.9530029296875,238.9759979248047,241.97799682617188,11508000,238.81100463867188,240.9530029296875
2015-05-25 00:00:00,237.11000061035156,240.927001953125,241.02099609375,14423900,236.63699340820312,237.11000061035156
2015-05-26 00:00:00,237.11599731445312,237.10400390625,238.24200439453125,16425000,235.69200134277344,237.11599731445312
2015-05-27 00:00:00,237.2830047607422,237.06500244140625,238.63600158691406,18837000,236.69500732421875,237.2830047607422
2015-05-28 00:00:00,237.4080047607422,237.2570037841797,237.82400512695312,13829600,236.65199279785156,237.4080047607422
2015-05-29 00:00:00,237.0959930419922,237.3769989013672,237.52200317382812,14805000,235.7310028076172,237.0959930419922
2015-05-30 00:00:00,233.34500122070312,237.0919952392578,237.09300231933594,14098600,232.04600524902344,233.34500122070312
2015-05-31 00:00:00,230.19000244140625,233.13499450683594,233.2519989013672,14730800,229.54200744628906,230.19000244140625
2015-06-01 00:00:00,222.92599487304688,230.23300170898438,231.71299743652344,26090500,221.29600524902344,222.92599487304688
2015-06-02 00:00:00,225.80299377441406,222.8939971923828,226.41600036621094,20459000,222.41900634765625,225.80299377441406
2015-06-03 00:00:00,225.87399291992188,225.73599243164062,227.4040069580078,17752400,223.92999267578125,225.87399291992188
2015-06-04 00:00:00,224.32400512695312,225.77200317382812,226.58099365234375,14728100,224.0540008544922,224.32400512695312
2015-06-05 00:00:00,224.95199584960938,224.1540069580078,225.96800231933594,18056500,223.1790008544922,224.95199584960938
2015-06-06 00:00:00,225.61900329589844,225.0050048828125,225.718994140625,11131500,224.37899780273438,225.61900329589844
2015-06-07 00:00:00,222.88099670410156,225.5959930419922,226.19400024414062,13318400,222.65199279785156,222.88099670410156
2015-06-08 00:00:00,228.48899841308594,222.87899780273438,229.46400451660156,23378400,222.83900451660156,228.48899841308594
2015-06-09 00:00:00,229.04800415039062,228.53799438476562,230.95399475097656,28353100,227.9290008544922,229.04800415039062
2015-06-10 00:00:00,228.80299377441406,228.9949951171875,229.78199768066406,15904800,228.00999450683594,228.80299377441406
2015-06-11 00:00:00,229.7050018310547,228.85499572753906,230.28700256347656,14416000,228.76699829101562,229.7050018310547
2015-06-12 00:00:00,229.98199462890625,229.7050018310547,231.0570068359375,14017700,229.31300354003906,229.98199462890625
2015-06-13 00:00:00,232.40199279785156,229.9199981689453,232.65199279785156,13305300,229.2100067138672,232.40199279785156
2015-06-14 00:00:00,233.54299926757812,232.44200134277344,234.85800170898438,12165900,232.00399780273438,233.54299926757812
2015-06-15 00:00:00,236.822998046875,233.4219970703125,237.83599853515625,19912100,233.4219970703125,236.822998046875
2015-06-16 00:00:00,250.89500427246094,236.76499938964844,251.74200439453125,41612000,236.1219940185547,250.89500427246094
2015-06-17 00:00:00,249.28399658203125,250.822998046875,256.8529968261719,43858400,246.4759979248047,249.28399658203125
2015-06-18 00:00:00,249.0070037841797,249.42799377441406,252.10800170898438,30980200,244.1269989013672,249.0070037841797
2015-06-19 00:00:00,244.6060028076172,249.04299926757812,250.9770050048828,23965300,243.78700256347656,244.6060028076172
2015-06-20 00:00:00,245.21200561523438,244.52999877929688,245.8280029296875,20608100,240.6269989013672,245.21200561523438
2015-06-21 00:00:00,243.94400024414062,245.10000610351562,245.2239990234375,10600900,241.8820037841797,243.94400024414062
2015-06-22 00:00:00,246.99000549316406,243.968994140625,247.91700744628906,17692500,243.7790069580078,246.99000549316406
2015-06-23 00:00:00,244.29600524902344,246.927001953125,247.3040008544922,15108700,243.13299560546875,244.29600524902344
2015-06-24 00:00:00,240.51499938964844,244.28199768066406,244.34100341796875,17344900,240.51499938964844,240.51499938964844
2015-06-25 00:00:00,242.7989959716797,240.36500549316406,243.33200073242188,16133100,240.36500549316406,242.7989959716797
2015-06-26 00:00:00,243.593994140625,242.60400390625,243.74899291992188,13983500,241.55299377441406,243.593994140625
2015-06-27 00:00:00,250.99000549316406,243.5489959716797,251.33900451660156,20488600,243.11700439453125,250.99000549316406
2015-06-28 00:00:00,249.01100158691406,250.9550018310547,251.1719970703125,15137600,247.4340057373047,249.01100158691406
2015-06-29 00:00:00,257.0639953613281,248.7209930419922,257.1730041503906,34742900,248.58099365234375,257.0639953613281
2015-06-30 00:00:00,263.0719909667969,257.0360107421875,267.86700439453125,44533800,255.9459991455078,263.0719909667969
2015-07-01 00:00:00,258.6210021972656,263.3450012207031,265.1719970703125,27029800,255.7740020751953,258.6210021972656
2015-07-02 00:00:00,255.41200256347656,258.552001953125,261.6310119628906,21551900,254.11599731445312,255.41200256347656
2015-07-03 00:00:00,256.33599853515625,255.45899963378906,257.0769958496094,19033800,253.5050048828125,256.33599853515625
2015-07-04 00:00:00,260.885986328125,256.4909973144531,261.4570007324219,15620400,254.1999969482422,260.885986328125
2015-07-05 00:00:00,271.9129943847656,260.80499267578125,274.5060119628906,44156100,258.70098876953125,271.9129943847656
2015-07-06 00:00:00,269.0299987792969,271.1080017089844,277.4219970703125,49154800,267.6000061035156,269.0299987792969
2015-07-07 00:00:00,266.2070007324219,269.9630126953125,271.34100341796875,28857600,264.8320007324219,266.2070007324219
2015-07-08 00:00:00,270.7850036621094,265.98199462890625,272.97100830078125,36980200,264.385986328125,270.7850036621094
2015-07-09 00:00:00,269.2279968261719,270.8269958496094,272.3349914550781,40301200,267.08599853515625,269.2279968261719
2015-07-10 00:00:00,284.8940124511719,269.156005859375,294.59100341796875,100390000,268.802001953125,284.8940124511719
2015-07-11 00:00:00,293.114990234375,284.8800048828125,298.5060119628906,41109900,283.5299987792969,293.114990234375
2015-07-12 00:00:00,310.86700439453125,293.1400146484375,314.3940124511719,56405000,292.5050048828125,310.86700439453125
2015-07-13 00:00:00,292.0539855957031,310.8269958496094,310.947998046875,62053900,281.010986328125,292.0539855957031
2015-07-14 00:00:00,287.4639892578125,292.03399658203125,296.1470031738281,28727200,286.63800048828125,287.4639892578125
2015-07-15 00:00:00,285.8290100097656,288.0450134277344,293.24798583984375,27486600,285.36700439453125,285.8290100097656
2015-07-16 00:00:00,278.0889892578125,286.0419921875,291.1830139160156,49482600,275.239990234375,278.0889892578125
2015-07-17 00:00:00,279.47198486328125,278.09100341796875,280.2799987792969,27591400,272.0429992675781,279.47198486328125
2015-07-18 00:00:00,274.9010009765625,279.33099365234375,282.5270080566406,25187100,274.07501220703125,274.9010009765625
2015-07-19 00:00:00,273.614013671875,274.7669982910156,275.6700134277344,15332500,272.51300048828125,273.614013671875
2015-07-20 00:00:00,278.9809875488281,273.4989929199219,278.9809875488281,22711400,272.9599914550781,278.9809875488281
2015-07-21 00:00:00,275.8330078125,278.8819885253906,280.5469970703125,22930700,275.41900634765625,275.8330078125
2015-07-22 00:00:00,277.22198486328125,275.6570129394531,277.6659851074219,19389800,274.3810119628906,277.22198486328125
2015-07-23 00:00:00,276.04901123046875,277.34100341796875,278.1109924316406,18531300,275.71600341796875,276.04901123046875
2015-07-24 00:00:00,288.27801513671875,276.0050048828125,289.25299072265625,37199400,275.2539978027344,288.27801513671875
2015-07-25 00:00:00,288.6969909667969,288.16400146484375,290.7330017089844,20662200,286.00201416015625,288.6969909667969
2015-07-26 00:00:00,292.6860046386719,288.6400146484375,293.052001953125,16032300,287.70599365234375,292.6860046386719
2015-07-27 00:00:00,293.6239929199219,292.6390075683594,297.77398681640625,30592000,287.45001220703125,293.6239929199219
2015-07-28 00:00:00,294.427001953125,293.63299560546875,296.64898681640625,25453600,293.4230041503906,294.427001953125
2015-07-29 00:00:00,289.5899963378906,294.4840087890625,294.5360107421875,24672600,288.7770080566406,289.5899963378906
2015-07-30 00:00:00,287.72198486328125,289.1029968261719,290.1260070800781,21635800,286.5679931640625,287.72198486328125
2015-07-31 00:00:00,284.6499938964844,287.6960144042969,288.9590148925781,23629100,282.343994140625,284.6499938964844
2015-08-01 00:00:00,281.60101318359375,284.6860046386719,284.9320068359375,18995000,278.11199951171875,281.60101318359375
2015-08-02 00:00:00,282.614013671875,280.4490051269531,283.0320129394531,17722200,277.52899169921875,282.614013671875
2015-08-03 00:00:00,281.22698974609375,282.8059997558594,285.47100830078125,21474100,280.2330017089844,281.22698974609375
2015-08-04 00:00:00,285.2179870605469,281.2250061035156,285.7149963378906,21908700,281.2250061035156,285.2179870605469
2015-08-05 00:00:00,281.8819885253906,284.84698486328125,285.5010070800781,20128000,281.4880065917969,281.8819885253906
2015-08-06 00:00:00,278.5769958496094,281.906005859375,281.906005859375,18792100,278.40301513671875,278.5769958496094
2015-08-07 00:00:00,279.5849914550781,278.7409973144531,280.3919982910156,42484800,276.3659973144531,279.5849914550781
2015-08-08 00:00:00,260.99700927734375,279.74200439453125,279.9280090332031,58533000,260.7099914550781,260.99700927734375
2015-08-09 00:00:00,265.0830078125,261.1159973144531,267.00299072265625,23789600,260.4679870605469,265.0830078125
2015-08-10 00:00:00,264.4700012207031,265.4779968261719,267.0320129394531,20979400,262.59600830078125,264.4700012207031
2015-08-11 00:00:00,270.385986328125,264.3420104980469,270.385986328125,25433900,264.093994140625,270.385986328125
2015-08-12 00:00:00,266.3760070800781,270.5979919433594,270.6730041503906,26815400,265.468994140625,266.3760070800781
2015-08-13 00:00:00,264.0799865722656,266.1830139160156,266.23199462890625,27685500,262.84100341796875,264.0799865722656
2015-08-14 00:00:00,265.67999267578125,264.1319885253906,267.46600341796875,27091200,261.4779968261719,265.67999267578125
2015-08-15 00:00:00,261.5509948730469,265.52899169921875,266.6669921875,19321100,261.2959899902344,261.5509948730469
2015-08-16 00:00:00,258.5069885253906,261.8659973144531,262.44000244140625,29717000,257.0409851074219,258.5069885253906
2015-08-17 00:00:00,257.97601318359375,258.489990234375,260.5050048828125,21617900,257.11700439453125,257.97601318359375
2015-08-18 00:00:00,211.07899475097656,257.9259948730469,257.9930114746094,42147200,211.07899475097656,211.07899475097656
2015-08-19 00:00:00,226.6840057373047,225.67100524902344,237.40899658203125,60869200,222.76600646972656,226.6840057373047
2015-08-20 00:00:00,235.35000610351562,226.8990020751953,237.36500549316406,32275000,226.8990020751953,235.35000610351562
2015-08-21 00:00:00,232.56900024414062,235.35499572753906,236.4320068359375,23173800,231.7239990234375,232.56900024414062
2015-08-22 00:00:00,230.38999938964844,232.66200256347656,234.95700073242188,23205900,222.70399475097656,230.38999938964844
2015-08-23 00:00:00,228.16900634765625,230.37600708007812,232.7050018310547,18406600,225.5800018310547,228.16900634765625
2015-08-24 00:00:00,210.4949951171875,228.11199951171875,228.13900756835938,59220700,210.4429931640625,210.4949951171875
2015-08-25 00:00:00,221.60899353027344,210.0679931640625,226.3209991455078,61089200,199.56700134277344,221.60899353027344
2015-08-26 00:00:00,225.83099365234375,222.0760040283203,231.18299865722656,31808000,220.20399475097656,225.83099365234375
2015-08-27 00:00:00,224.7689971923828,226.0500030517578,228.64300537109375,21905400,223.6840057373047,224.7689971923828
2015-08-28 00:00:00,231.39599609375,224.7010040283203,235.218994140625,31336600,220.92599487304688,231.39599609375
2015-08-29 00:00:00,229.77999877929688,231.5489959716797,233.2220001220703,17142500,227.3300018310547,229.77999877929688
2015-08-30 00:00:00,228.76100158691406,229.89500427246094,232.0679931640625,19412600,226.2469940185547,228.76100158691406
2015-08-31 00:00:00,230.05599975585938,229.11399841308594,231.95599365234375,20710700,225.9149932861328,230.05599975585938
2015-09-01 00:00:00,228.12100219726562,230.25599670410156,231.21600341796875,20575200,226.86000061035156,228.12100219726562
2015-09-02 00:00:00,229.28399658203125,228.02699279785156,230.57699584960938,18760400,226.47500610351562,229.28399658203125
2015-09-03 00:00:00,227.18299865722656,229.32400512695312,229.60499572753906,17482000,226.66700744628906,227.18299865722656
2015-09-04 00:00:00,230.29800415039062,227.21499633789062,230.89999389648438,20962400,227.05099487304688,230.29800415039062
2015-09-05 00:00:00,235.0189971923828,230.19900512695312,236.14300537109375,20671400,229.4429931640625,235.0189971923828
2015-09-06 00:00:00,239.83999633789062,234.8699951171875,242.91200256347656,25473700,234.68099975585938,239.83999633789062
2015-09-07 00:00:00,239.8470001220703,239.9340057373047,242.1060028076172,21192200,238.7220001220703,239.8470001220703
2015-09-08 00:00:00,243.60699462890625,239.8459930419922,245.781005859375,26879200,239.67799377441406,243.60699462890625
2015-09-09 00:00:00,238.16799926757812,243.4149932861328,244.41600036621094,23635700,237.8209991455078,238.16799926757812
2015-09-10 00:00:00,238.4770050048828,238.33599853515625,241.29299926757812,21215500,235.79100036621094,238.4770050048828
2015-09-11 00:00:00,240.10699462890625,238.32899475097656,241.16900634765625,19224700,238.32899475097656,240.10699462890625
2015-09-12 00:00:00,235.22900390625,239.85499572753906,240.12399291992188,17962600,234.75399780273438,235.22900390625
2015-09-13 00:00:00,230.51199340820312,235.24200439453125,235.93499755859375,18478800,229.33200073242188,230.51199340820312
2015-09-14 00:00:00,230.6439971923828,230.60899353027344,232.44000244140625,20997800,227.96099853515625,230.6439971923828
2015-09-15 00:00:00,230.3040008544922,230.49200439453125,259.1820068359375,19177800,229.82200622558594,230.3040008544922
2015-09-16 00:00:00,229.09100341796875,230.25,231.21499633789062,20144200,227.40199279785156,229.09100341796875
2015-09-17 00:00:00,229.80999755859375,229.0760040283203,230.28500366210938,18935400,228.92599487304688,229.80999755859375
2015-09-18 00:00:00,232.97500610351562,233.52099609375,234.35299682617188,20242200,232.18499755859375,232.97500610351562
2015-09-19 00:00:00,231.4929962158203,232.85800170898438,233.2050018310547,12712600,231.08900451660156,231.4929962158203
2015-09-20 00:00:00,231.21200561523438,231.3990020751953,232.36500549316406,14444700,230.91000366210938,231.21200561523438
2015-09-21 00:00:00,227.0850067138672,231.2169952392578,231.2169952392578,19678800,226.52099609375,227.0850067138672
2015-09-22 00:00:00,230.6179962158203,226.968994140625,232.38600158691406,25009300,225.11700439453125,230.6179962158203
2015-09-23 00:00:00,230.2830047607422,230.93600463867188,231.8350067138672,17254100,229.59100341796875,230.2830047607422
2015-09-24 00:00:00,234.5290069580078,230.35800170898438,235.6490020751953,25097800,230.2949981689453,234.5290069580078
2015-09-25 00:00:00,235.1439971923828,234.36199951171875,237.427001953125,22363600,233.6840057373047,235.1439971923828
2015-09-26 00:00:00,234.33999633789062,235.0760040283203,235.4029998779297,13724100,233.35800170898438,234.33999633789062
2015-09-27 00:00:00,232.7570037841797,234.13900756835938,234.5260009765625,14179900,232.4759979248047,232.7570037841797
2015-09-28 00:00:00,239.14199829101562,232.83599853515625,239.33900451660156,24713000,232.4669952392578,239.14199829101562
2015-09-29 00:00:00,236.68699645996094,239.01600646972656,239.802001953125,22691300,235.92799377441406,236.68699645996094
2015-09-30 00:00:00,236.05999755859375,236.63999938964844,237.73399353027344,19743500,235.62899780273438,236.05999755859375
2015-10-01 00:00:00,237.5489959716797,236.00399780273438,238.44500732421875,20488800,235.61599731445312,237.5489959716797
2015-10-02 00:00:00,237.29299926757812,237.26400756835938,238.54100036621094,19677900,236.60299682617188,237.29299926757812
2015-10-03 00:00:00,238.72999572753906,237.20199584960938,239.31500244140625,16482700,236.94400024414062,238.72999572753906
2015-10-04 00:00:00,238.25900268554688,238.531005859375,238.96800231933594,12999000,237.94000244140625,238.25900268554688
2015-10-05 00:00:00,240.38299560546875,238.14700317382812,240.38299560546875,23335900,237.03500366210938,240.38299560546875
2015-10-06 00:00:00,246.06300354003906,240.36399841308594,246.93499755859375,27535100,240.13600158691406,246.06300354003906
2015-10-07 00:00:00,242.968994140625,246.1699981689453,246.68099975585938,22999200,242.5850067138672,242.968994140625
2015-10-08 00:00:00,242.3040008544922,243.0749969482422,244.25100708007812,18515300,242.1790008544922,242.3040008544922
2015-10-09 00:00:00,243.93099975585938,242.4980010986328,244.22799682617188,17353100,242.1219940185547,243.93099975585938
2015-10-10 00:00:00,244.9409942626953,243.74000549316406,245.31900024414062,15912700,243.07400512695312,244.9409942626953
2015-10-11 00:00:00,247.0500030517578,244.74200439453125,247.2429962158203,16827300,244.15199279785156,247.0500030517578
2015-10-12 00:00:00,245.30799865722656,246.875,247.45399475097656,17388300,245.1790008544922,245.30799865722656
2015-10-13 00:00:00,249.50799560546875,245.1999969482422,250.23599243164062,28198500,243.7570037841797,249.50799560546875
2015-10-14 00:00:00,251.98899841308594,249.4929962158203,254.27499389648438,27462600,248.9029998779297,251.98899841308594
2015-10-15 00:00:00,254.32000732421875,252.10699462890625,255.96200561523438,25223500,252.04600524902344,254.32000732421875
2015-10-16 00:00:00,262.8689880371094,254.29600524902344,266.135009765625,35901500,253.92599487304688,262.8689880371094
2015-10-17 00:00:00,270.6400146484375,262.74700927734375,273.5780029296875,43199600,262.36700439453125,270.6400146484375
2015-10-18 00:00:00,261.64300537109375,270.9070129394531,271.6679992675781,22434300,260.7770080566406,261.64300537109375
2015-10-19 00:00:00,263.43701171875,261.8609924316406,264.82000732421875,25258800,260.95098876953125,263.43701171875
2015-10-20 00:00:00,269.4630126953125,263.5719909667969,270.8349914550781,30889800,263.22698974609375,269.4630126953125
2015-10-21 00:00:00,266.2720031738281,269.3059997558594,270.7699890136719,25637300,263.8389892578125,266.2720031738281
2015-10-22 00:00:00,274.02301025390625,266.4960021972656,276.510009765625,37808600,266.135009765625,274.02301025390625
2015-10-23 00:00:00,276.4960021972656,273.64898681640625,278.6839904785156,29442500,273.5429992675781,276.4960021972656
2015-10-24 00:00:00,281.65399169921875,276.5039978027344,281.70599365234375,25942400,276.5039978027344,281.65399169921875
2015-10-25 00:00:00,283.67999267578125,281.44500732421875,294.0589904785156,45717100,281.44500732421875,283.67999267578125
2015-10-26 00:00:00,285.29998779296875,283.62799072265625,285.29998779296875,32108800,280.510009765625,285.29998779296875
2015-10-27 00:00:00,293.7879943847656,285.1809997558594,296.2120056152344,46331800,285.00799560546875,293.7879943847656
2015-10-28 00:00:00,304.6180114746094,293.7030029296875,306.33099365234375,50808100,293.7030029296875,304.6180114746094
2015-10-29 00:00:00,313.8550109863281,304.3240051269531,318.1700134277344,64495900,301.822998046875,313.8550109863281
2015-10-30 00:00:00,328.0150146484375,313.9429931640625,334.16900634765625,78305000,313.94000244140625,328.0150146484375
2015-10-31 00:00:00,314.1659851074219,328.5119934082031,332.7770080566406,48598100,309.2510070800781,314.1659851074219
2015-11-01 00:00:00,325.4309997558594,315.0050048828125,327.47198486328125,37001100,311.8810119628906,325.4309997558594
2015-11-02 00:00:00,361.1889953613281,325.9419860839844,365.3599853515625,101918000,323.2090148925781,361.1889953613281
2015-11-03 00:00:00,403.4169921875,361.87298583984375,417.8999938964844,206162000,357.6470031738281,403.4169921875
2015-11-04 00:00:00,411.56298828125,403.66400146484375,495.56201171875,263900000,380.5480041503906,411.56298828125
2015-11-05 00:00:00,386.35400390625,408.0769958496094,447.5610046386719,151824992,374.58099365234375,386.35400390625
2015-11-06 00:00:00,374.4700012207031,388.0469970703125,395.83599853515625,122687000,354.0249938964844,374.4700012207031
2015-11-07 00:00:00,386.48199462890625,374.2690124511719,390.58599853515625,56625100,372.4330139160156,386.48199462890625
2015-11-08 00:00:00,373.3680114746094,384.27801513671875,389.8949890136719,51817600,368.70001220703125,373.3680114746094
2015-11-09 00:00:00,380.2569885253906,374.3240051269531,385.27801513671875,68224400,362.8949890136719,380.2569885253906
2015-11-10 00:00:00,336.8190002441406,379.9840087890625,381.3869934082031,95797904,329.1080017089844,336.8190002441406
2015-11-11 00:00:00,311.0840148925781,339.82000732421875,340.5849914550781,107070000,300.99700927734375,311.0840148925781
2015-11-12 00:00:00,338.1520080566406,314.0790100097656,345.08099365234375,78477800,313.3559875488281,338.1520080566406
2015-11-13 00:00:00,336.75299072265625,338.49798583984375,340.91400146484375,52003000,326.07501220703125,336.75299072265625
2015-11-14 00:00:00,332.906005859375,336.6239929199219,338.1809997558594,38612000,329.9700012207031,332.906005859375
2015-11-15 00:00:00,320.1659851074219,333.0509948730469,334.6619873046875,44213100,317.489990234375,320.1659851074219
2015-11-16 00:00:00,330.7510070800781,319.7349853515625,331.6260070800781,47980100,315.9049987792969,330.7510070800781
2015-11-17 00:00:00,335.093994140625,330.36199951171875,338.3500061035156,51001600,329.614013671875,335.093994140625
2015-11-18 00:00:00,334.5899963378906,334.5929870605469,336.531005859375,43783800,330.6400146484375,334.5899963378906
2015-11-19 00:00:00,326.14898681640625,334.6789855957031,335.3340148925781,45011100,325.27301025390625,326.14898681640625
2015-11-20 00:00:00,322.0220031738281,326.4110107421875,326.4729919433594,53152900,312.2170104980469,322.0220031738281
2015-11-21 00:00:00,326.927001953125,322.0920104980469,328.15899658203125,28200500,319.5950012207031,326.927001953125
2015-11-22 00:00:00,324.5360107421875,326.9750061035156,327.010009765625,23439400,321.2590026855469,324.5360107421875
2015-11-23 00:00:00,323.0459899902344,324.3500061035156,325.1180114746094,27478900,321.2900085449219,323.0459899902344
2015-11-24 00:00:00,320.0459899902344,323.0140075683594,323.0580139160156,29362600,318.1180114746094,320.0459899902344
2015-11-25 00:00:00,328.20599365234375,320.0450134277344,329.1340026855469,41666900,316.7699890136719,328.20599365234375
2015-11-26 00:00:00,352.6839904785156,328.3030090332031,366.7569885253906,106105000,328.22900390625,352.6839904785156
2015-11-27 00:00:00,358.0419921875,351.8609924316406,363.5889892578125,55179100,347.8699951171875,358.0419921875
2015-11-28 00:00:00,357.3810119628906,357.1409912109375,359.5360107421875,36816600,352.1719970703125,357.3810119628906
2015-11-29 00:00:00,371.29400634765625,357.47198486328125,371.9389953613281,40409300,355.6659851074219,371.29400634765625
2015-11-30 00:00:00,377.3210144042969,371.43701171875,382.3630065917969,71701600,370.38299560546875,377.3210144042969
2015-12-01 00:00:00,362.4880065917969,377.41400146484375,378.9309997558594,60452200,356.56298828125,362.4880065917969
2015-12-02 00:00:00,359.18701171875,361.8450012207031,362.23199462890625,54160500,349.4649963378906,359.18701171875
2015-12-03 00:00:00,361.0459899902344,359.33099365234375,370.2749938964844,50714900,357.4119873046875,361.0459899902344
2015-12-04 00:00:00,363.1830139160156,361.2619934082031,363.5159912109375,35784100,355.7569885253906,363.1830139160156
2015-12-05 00:00:00,388.9490051269531,363.72100830078125,389.7850036621094,66282200,363.22900390625,388.9490051269531
2015-12-06 00:00:00,388.7829895019531,389.55499267578125,402.8089904785156,77762000,387.0889892578125,388.7829895019531
2015-12-07 00:00:00,395.5360107421875,389.9779968261719,399.968994140625,63455800,385.4110107421875,395.5360107421875
2015-12-08 00:00:00,415.56298828125,395.7539978027344,415.56298828125,57801400,389.95001220703125,415.56298828125
2015-12-09 00:00:00,417.56298828125,414.4410095214844,423.1199951171875,90917200,406.2909851074219,417.56298828125
2015-12-10 00:00:00,415.47900390625,417.9880065917969,419.5090026855469,52138900,411.5480041503906,415.47900390625
2015-12-11 00:00:00,451.93798828125,415.281005859375,451.93798828125,110944000,415.281005859375,451.93798828125
2015-12-12 00:00:00,434.99700927734375,452.3349914550781,469.1029968261719,131969000,410.7409973144531,434.99700927734375
2015-12-13 00:00:00,433.7550048828125,431.6600036621094,441.67999267578125,55050600,426.26800537109375,433.7550048828125
2015-12-14 00:00:00,444.1820068359375,433.2720031738281,447.1419982910156,130496000,430.45599365234375,444.1820068359375
2015-12-15 00:00:00,465.3210144042969,443.87799072265625,465.3210144042969,83121104,443.87799072265625,465.3210144042969
2015-12-16 00:00:00,454.9339904785156,465.2080078125,465.2080078125,107944000,443.85101318359375,454.9339904785156
2015-12-17 00:00:00,456.0780029296875,454.7770080566406,457.8599853515625,47978400,448.8580017089844,456.0780029296875
2015-12-18 00:00:00,463.6159973144531,455.84698486328125,465.177001953125,60220100,454.94000244140625,463.6159973144531
2015-12-19 00:00:00,462.3219909667969,463.552001953125,465.58099365234375,47892700,456.7650146484375,462.3219909667969
2015-12-20 00:00:00,442.68499755859375,462.2340087890625,462.6449890136719,75409400,434.3380126953125,442.68499755859375
2015-12-21 00:00:00,438.6390075683594,442.8380126953125,444.72900390625,77639696,427.31201171875,438.6390075683594
2015-12-22 00:00:00,436.5719909667969,437.4360046386719,443.68798828125,50840400,435.5159912109375,436.5719909667969
2015-12-23 00:00:00,442.4010009765625,436.7200012207031,444.52899169921875,47161400,436.6189880371094,442.4010009765625
2015-12-24 00:00:00,454.9849853515625,443.09100341796875,458.45599365234375,57157200,443.0769958496094,454.9849853515625
2015-12-25 00:00:00,455.65301513671875,454.8550109863281,458.30499267578125,39078500,452.07501220703125,455.65301513671875
2015-12-26 00:00:00,417.27398681640625,455.7560119628906,457.489013671875,116166000,405.760009765625,417.27398681640625
2015-12-27 00:00:00,422.822998046875,416.5140075683594,424.0069885253906,53591200,408.88299560546875,422.822998046875
2015-12-28 00:00:00,422.27899169921875,423.3429870605469,429.7690124511719,49638600,418.4809875488281,422.27899169921875
2015-12-29 00:00:00,432.9830017089844,422.0979919433594,432.9830017089844,51596500,420.62701416015625,432.9830017089844
2015-12-30 00:00:00,426.6199951171875,433.29998779296875,434.3869934082031,46889400,422.0840148925781,426.6199951171875
2015-12-31 00:00:00,430.5669860839844,425.875,432.9209899902344,45996600,418.7349853515625,430.5669860839844
2016-01-01 00:00:00,434.3340148925781,430.72100830078125,436.2460021972656,36278900,427.5150146484375,434.3340148925781
2016-01-02 00:00:00,433.43798828125,434.62200927734375,436.06201171875,30096600,431.8699951171875,433.43798828125
2016-01-03 00:00:00,430.010986328125,433.5780029296875,433.7430114746094,39633800,424.70599365234375,430.010986328125
2016-01-04 00:00:00,433.09100341796875,430.0610046386719,434.5169982910156,38477500,429.0840148925781,433.09100341796875
2016-01-05 00:00:00,431.9599914550781,433.0690002441406,434.1820068359375,34522600,429.6759948730469,431.9599914550781
2016-01-06 00:00:00,429.1050109863281,431.8559875488281,431.8559875488281,34042500,426.34100341796875,429.1050109863281
2016-01-07 00:00:00,458.0480041503906,430.010986328125,458.7659912109375,87562200,429.0769958496094,458.0480041503906
2016-01-08 00:00:00,453.2300109863281,457.5379943847656,462.9339904785156,56993000,447.93798828125,453.2300109863281
2016-01-09 00:00:00,447.6109924316406,453.38299560546875,454.6400146484375,32278000,446.8890075683594,447.6109924316406
2016-01-10 00:00:00,447.9909973144531,448.2380065917969,448.3089904785156,35995900,440.35101318359375,447.9909973144531
2016-01-11 00:00:00,448.4280090332031,448.697998046875,450.6619873046875,40450000,443.8550109863281,448.4280090332031
2016-01-12 00:00:00,435.69000244140625,448.1820068359375,448.1820068359375,115607000,435.69000244140625,435.69000244140625
2016-01-13 00:00:00,432.3710021972656,434.6650085449219,435.1860046386719,173888000,424.4429931640625,432.3710021972656
2016-01-14 00:00:00,430.3059997558594,432.2879943847656,433.3240051269531,43945500,427.8450012207031,430.3059997558594
2016-01-15 00:00:00,364.33099365234375,430.2550048828125,430.2550048828125,153351008,364.33099365234375,364.33099365234375
2016-01-16 00:00:00,387.5360107421875,365.072998046875,390.5570068359375,120352000,354.91400146484375,387.5360107421875
2016-01-17 00:00:00,382.29901123046875,387.1520080566406,390.9649963378906,45319600,380.0920104980469,382.29901123046875
2016-01-18 00:00:00,387.1679992675781,381.7330017089844,388.10400390625,54403900,376.6650085449219,387.1679992675781
2016-01-19 00:00:00,380.14898681640625,387.0260009765625,387.7300109863281,46819800,378.97198486328125,380.14898681640625
2016-01-20 00:00:00,420.2300109863281,379.739990234375,425.2669982910156,121720000,376.5989990234375,420.2300109863281
2016-01-21 00:00:00,410.2619934082031,419.6319885253906,422.87701416015625,68338000,406.29998779296875,410.2619934082031
2016-01-22 00:00:00,382.49200439453125,409.7510070800781,410.4100036621094,91546600,375.2820129394531,382.49200439453125
2016-01-23 00:00:00,387.4909973144531,382.4339904785156,394.5429992675781,56247400,381.9809875488281,387.4909973144531
2016-01-24 00:00:00,402.97100830078125,388.10198974609375,405.4849853515625,54824800,387.510009765625,402.97100830078125
2016-01-25 00:00:00,391.72601318359375,402.3169860839844,402.3169860839844,59062400,388.5539855957031,391.72601318359375
2016-01-26 00:00:00,392.15301513671875,392.00201416015625,397.7659912109375,58147000,390.57501220703125,392.15301513671875
2016-01-27 00:00:00,394.97198486328125,392.4440002441406,396.8429870605469,47424400,391.7820129394531,394.97198486328125
2016-01-28 00:00:00,380.28900146484375,395.14599609375,395.50201416015625,59247900,379.7349853515625,380.28900146484375
2016-01-29 00:00:00,379.4739990234375,380.1080017089844,384.3789978027344,86125296,365.4519958496094,379.4739990234375
2016-01-30 00:00:00,378.2550048828125,378.864990234375,380.9169921875,30284400,376.4909973144531,378.2550048828125
2016-01-31 00:00:00,368.7669982910156,378.2929992675781,380.34698486328125,37894300,367.8349914550781,368.7669982910156
2016-02-01 00:00:00,373.0559997558594,369.3500061035156,378.0719909667969,51656700,367.9570007324219,373.0559997558594
2016-02-02 00:00:00,374.447998046875,372.9200134277344,375.88299560546875,40378700,372.9200134277344,374.447998046875
2016-02-03 00:00:00,369.9490051269531,374.64599609375,374.95001220703125,45933400,368.0450134277344,369.9490051269531
2016-02-04 00:00:00,389.593994140625,370.17401123046875,391.6080017089844,69285504,369.9930114746094,389.593994140625
2016-02-05 00:00:00,386.54901123046875,388.89801025390625,391.093994140625,43825000,385.5719909667969,386.54901123046875
2016-02-06 00:00:00,376.5220031738281,386.5889892578125,386.6310119628906,49249300,372.3869934082031,376.5220031738281
2016-02-07 00:00:00,376.6199951171875,376.5140075683594,380.8710021972656,37076300,374.90301513671875,376.6199951171875
2016-02-08 00:00:00,373.4469909667969,376.7569885253906,379.8789978027344,47671100,373.3340148925781,373.4469909667969
2016-02-09 00:00:00,376.02899169921875,373.4230041503906,377.2460021972656,55318500,372.89801025390625,376.02899169921875
2016-02-10 00:00:00,381.64898681640625,376.14599609375,385.4830017089844,85130896,375.7829895019531,381.64898681640625
2016-02-11 00:00:00,379.65399169921875,382.114013671875,383.1300048828125,74375600,376.39898681640625,379.65399169921875
2016-02-12 00:00:00,384.26300048828125,379.6860046386719,384.9540100097656,67042800,379.6000061035156,384.26300048828125
2016-02-13 00:00:00,391.8599853515625,384.6409912109375,391.8599853515625,61911700,384.6409912109375,391.8599853515625
2016-02-14 00:00:00,407.2300109863281,392.9320068359375,407.2300109863281,74469800,392.9320068359375,407.2300109863281
2016-02-15 00:00:00,400.18499755859375,407.5679931640625,410.3810119628906,74070496,397.7489929199219,400.18499755859375
2016-02-16 00:00:00,407.4880065917969,401.4320068359375,408.94500732421875,73093104,401.4320068359375,407.4880065917969
2016-02-17 00:00:00,416.3219909667969,407.656005859375,421.1669921875,83193600,406.78399658203125,416.3219909667969
2016-02-18 00:00:00,422.37298583984375,416.5719909667969,425.9960021972656,76752600,415.63800048828125,422.37298583984375
2016-02-19 00:00:00,420.7850036621094,422.7300109863281,423.10400390625,55711300,417.60400390625,420.7850036621094
2016-02-20 00:00:00,437.16400146484375,421.60101318359375,441.9840087890625,93992096,421.60101318359375,437.16400146484375
2016-02-21 00:00:00,438.7980041503906,437.77301025390625,448.0459899902344,89820704,429.0769958496094,438.7980041503906
2016-02-22 00:00:00,437.74798583984375,438.989013671875,439.0450134277344,85385200,432.9169921875,437.74798583984375
2016-02-23 00:00:00,420.7359924316406,438.2550048828125,439.8580017089844,85244896,417.8210144042969,420.7359924316406
2016-02-24 00:00:00,424.9549865722656,420.95599365234375,425.54998779296875,67743696,413.9070129394531,424.9549865722656
2016-02-25 00:00:00,424.54400634765625,425.0369873046875,427.718994140625,70798000,420.4150085449219,424.54400634765625
2016-02-26 00:00:00,432.1520080566406,424.6289978027344,432.1520080566406,61486000,421.6199951171875,432.1520080566406
2016-02-27 00:00:00,432.5190124511719,432.8389892578125,434.2309875488281,41893600,428.1029968261719,432.5190124511719
2016-02-28 00:00:00,433.5039978027344,432.5710144042969,435.6830139160156,53033400,423.82000732421875,433.5039978027344
2016-02-29 00:00:00,437.6969909667969,433.43798828125,441.5069885253906,60694700,431.6929931640625,437.6969909667969
2016-03-01 00:00:00,435.12298583984375,437.9169921875,439.65301513671875,74895800,432.3190002441406,435.12298583984375
2016-03-02 00:00:00,423.989013671875,435.1310119628906,435.9169921875,74955296,423.989013671875,423.989013671875
2016-03-03 00:00:00,421.6510009765625,423.9119873046875,425.37298583984375,100484000,419.4110107421875,421.6510009765625
2016-03-04 00:00:00,410.9389953613281,421.83599853515625,425.1780090332031,90856096,410.9389953613281,410.9389953613281
2016-03-05 00:00:00,400.57000732421875,410.781005859375,411.2569885253906,135384992,394.0350036621094,400.57000732421875
2016-03-06 00:00:00,407.7070007324219,400.5249938964844,411.9070129394531,91212496,395.77801513671875,407.7070007324219
2016-03-07 00:00:00,414.3210144042969,407.7569885253906,415.9169921875,85762400,406.3089904785156,414.3210144042969
2016-03-08 00:00:00,413.97198486328125,414.4649963378906,416.2430114746094,70311696,411.093994140625,413.97198486328125
2016-03-09 00:00:00,414.8599853515625,413.8940124511719,416.0320129394531,70012304,411.6059875488281,414.8599853515625
2016-03-10 00:00:00,417.1310119628906,414.7439880371094,417.5119934082031,81022896,413.2510070800781,417.1310119628906
2016-03-11 00:00:00,421.69000244140625,417.2380065917969,423.9259948730469,73969696,417.01300048828125,421.69000244140625
2016-03-12 00:00:00,411.6239929199219,421.6050109863281,421.7950134277344,92712896,410.093994140625,411.6239929199219
2016-03-13 00:00:00,414.06500244140625,411.64801025390625,416.60400390625,74322800,411.6419982910156,414.06500244140625
2016-03-14 00:00:00,416.43798828125,414.20098876953125,416.6839904785156,95259400,414.20098876953125,416.43798828125
2016-03-15 00:00:00,416.8299865722656,416.38800048828125,418.1310119628906,66781700,414.9849853515625,416.8299865722656
2016-03-16 00:00:00,417.010986328125,416.88800048828125,417.6860046386719,65185800,415.9119873046875,417.010986328125
2016-03-17 00:00:00,420.6210021972656,417.8890075683594,420.99700927734375,83528600,417.8890075683594,420.6210021972656
2016-03-18 00:00:00,409.5480041503906,420.5469970703125,420.5469970703125,104940000,406.1369934082031,409.5480041503906
2016-03-19 00:00:00,410.4440002441406,409.2650146484375,410.9840087890625,58423000,407.2300109863281,410.4440002441406
2016-03-20 00:00:00,413.7550048828125,410.4010009765625,414.625,45947900,410.4010009765625,413.7550048828125
2016-03-21 00:00:00,413.3070068359375,413.4179992675781,413.4179992675781,61655400,410.3810119628906,413.3070068359375
2016-03-22 00:00:00,418.0889892578125,413.1319885253906,418.375,66813300,412.531005859375,418.0889892578125
2016-03-23 00:00:00,418.0409851074219,418.1610107421875,419.26800537109375,61444200,417.364013671875,418.0409851074219
2016-03-24 00:00:00,416.3940124511719,418.42401123046875,418.67999267578125,68346704,415.4859924316406,416.3940124511719
2016-03-25 00:00:00,417.177001953125,416.50799560546875,418.0799865722656,52560000,415.5580139160156,417.177001953125
2016-03-26 00:00:00,417.94500732421875,417.364990234375,418.98699951171875,44650400,416.2590026855469,417.94500732421875
2016-03-27 00:00:00,426.7650146484375,418.1400146484375,428.7969970703125,71229400,417.71099853515625,426.7650146484375
2016-03-28 00:00:00,424.2309875488281,426.5480041503906,426.85699462890625,68522800,423.2929992675781,424.2309875488281
2016-03-29 00:00:00,416.5159912109375,424.3039855957031,426.2030029296875,75411504,412.6809997558594,416.5159912109375
2016-03-30 00:00:00,414.8160095214844,416.8340148925781,416.8340148925781,66034100,412.4960021972656,414.8160095214844
2016-03-31 00:00:00,416.72900390625,415.2569885253906,418.3689880371094,60215200,415.2569885253906,416.72900390625
2016-04-01 00:00:00,417.9599914550781,416.760009765625,418.1730041503906,51235700,415.83099365234375,417.9599914550781
2016-04-02 00:00:00,420.87298583984375,418.4219970703125,422.08099365234375,45681200,418.4219970703125,420.87298583984375
2016-04-03 00:00:00,420.90399169921875,421.1730041503906,421.5799865722656,38053700,419.6969909667969,420.90399169921875
2016-04-04 00:00:00,421.4440002441406,421.29901123046875,422.3429870605469,50634300,419.60101318359375,421.4440002441406
2016-04-05 00:00:00,424.0299987792969,421.0169982910156,424.2569885253906,60718000,420.614013671875,424.0299987792969
2016-04-06 00:00:00,423.4129943847656,424.28399658203125,424.5270080566406,59091000,422.72900390625,423.4129943847656
2016-04-07 00:00:00,422.7449951171875,423.6199951171875,423.6570129394531,57858600,420.51800537109375,422.7449951171875
2016-04-08 00:00:00,420.3489990234375,422.9070129394531,425.3609924316406,63454700,419.635009765625,420.3489990234375
2016-04-09 00:00:00,419.4110107421875,420.8110046386719,420.8909912109375,49792700,416.5150146484375,419.4110107421875
2016-04-10 00:00:00,421.5639953613281,419.5920104980469,422.43499755859375,73478600,419.2569885253906,421.5639953613281
2016-04-11 00:00:00,422.4830017089844,421.87200927734375,422.739013671875,50747500,420.5329895019531,422.4830017089844
2016-04-12 00:00:00,425.19000244140625,422.8429870605469,427.2770080566406,70728800,422.8429870605469,425.19000244140625
2016-04-13 00:00:00,423.7340087890625,425.6319885253906,426.6579895019531,69060400,422.9159851074219,423.7340087890625
2016-04-14 00:00:00,424.2820129394531,423.93499755859375,425.3710021972656,45281000,423.01300048828125,424.2820129394531
2016-04-15 00:00:00,429.7130126953125,424.427001953125,429.9280090332031,54801500,424.427001953125,429.7130126953125
2016-04-16 00:00:00,430.5719909667969,429.57501220703125,432.625,39392800,428.9840087890625,430.5719909667969
2016-04-17 00:00:00,427.39898681640625,430.635986328125,431.3710021972656,52125900,426.0790100097656,427.39898681640625
2016-04-18 00:00:00,428.59100341796875,427.6109924316406,429.27398681640625,55670900,427.08599853515625,428.59100341796875
2016-04-19 00:00:00,435.5090026855469,428.7030029296875,436.0199890136719,52810500,428.10400390625,435.5090026855469
2016-04-20 00:00:00,441.3890075683594,435.3240051269531,443.0539855957031,72890096,434.406005859375,441.3890075683594
2016-04-21 00:00:00,449.42498779296875,441.4159851074219,450.5480041503906,68204704,440.9519958496094,449.42498779296875
2016-04-22 00:00:00,445.73699951171875,449.68798828125,449.80999755859375,58804400,444.1499938964844,445.73699951171875
2016-04-23 00:00:00,450.2820129394531,445.8609924316406,450.2820129394531,50485400,444.33099365234375,450.2820129394531
2016-04-24 00:00:00,458.55499267578125,450.55999755859375,460.14599609375,68198400,448.9280090332031,458.55499267578125
2016-04-25 00:00:00,461.4259948730469,459.1210021972656,466.6199951171875,87091800,453.5920104980469,461.4259948730469
2016-04-26 00:00:00,466.0889892578125,461.64801025390625,467.9649963378906,78971904,461.6210021972656,466.0889892578125
2016-04-27 00:00:00,444.68701171875,466.2619934082031,467.0790100097656,93564896,444.1340026855469,444.68701171875
2016-04-28 00:00:00,449.010986328125,445.0379943847656,449.5509948730469,74064704,436.6499938964844,449.010986328125
2016-04-29 00:00:00,455.09698486328125,449.4079895019531,455.3840026855469,49258500,446.0169982910156,455.09698486328125
2016-04-30 00:00:00,448.3179931640625,455.1780090332031,455.5870056152344,69322600,447.6969909667969,448.3179931640625
2016-05-01 00:00:00,451.875,448.4840087890625,452.47900390625,40660100,447.927001953125,451.875
2016-05-02 00:00:00,444.66900634765625,451.9330139160156,452.44500732421875,92127000,441.7760009765625,444.66900634765625
2016-05-03 00:00:00,450.3039855957031,444.72698974609375,451.09698486328125,59366400,442.61700439453125,450.3039855957031
2016-05-04 00:00:00,446.72198486328125,450.1830139160156,450.37799072265625,50407300,445.6300048828125,446.72198486328125
2016-05-05 00:00:00,447.97601318359375,446.71099853515625,448.5060119628906,50440800,445.88299560546875,447.97601318359375
2016-05-06 00:00:00,459.6029968261719,447.9419860839844,461.375,72796800,447.0679931640625,459.6029968261719
2016-05-07 00:00:00,458.5360107421875,459.6390075683594,460.67498779296875,38364500,457.3240051269531,458.5360107421875
2016-05-08 00:00:00,458.5480041503906,458.4289855957031,459.4169921875,40315000,455.9830017089844,458.5480041503906
2016-05-09 00:00:00,460.4830017089844,458.20599365234375,462.4809875488281,55493100,456.531005859375,460.4830017089844
2016-05-10 00:00:00,450.8949890136719,460.51800537109375,461.9289855957031,58956100,448.9540100097656,450.8949890136719
2016-05-11 00:00:00,452.7279968261719,450.864013671875,454.57598876953125,50605200,450.864013671875,452.7279968261719
2016-05-12 00:00:00,454.7659912109375,452.4469909667969,454.9490051269531,59849300,449.25,454.7659912109375
2016-05-13 00:00:00,455.6700134277344,454.8500061035156,457.05499267578125,60845000,453.4530029296875,455.6700134277344
2016-05-14 00:00:00,455.6709899902344,455.822998046875,456.83599853515625,37209000,454.7860107421875,455.6709899902344
2016-05-15 00:00:00,457.5679931640625,455.7590026855469,458.6919860839844,28514000,455.4590148925781,457.5679931640625
2016-05-16 00:00:00,454.1629943847656,457.58599853515625,458.20001220703125,59171500,452.94500732421875,454.1629943847656
2016-05-17 00:00:00,453.7829895019531,454.0090026855469,455.0719909667969,64100300,453.6050109863281,453.7829895019531
2016-05-18 00:00:00,454.6189880371094,453.6910095214844,455.99798583984375,86850096,453.29901123046875,454.6189880371094
2016-05-19 00:00:00,438.7149963378906,454.52398681640625,454.63299560546875,96027400,438.7149963378906,438.7149963378906
2016-05-20 00:00:00,442.6759948730469,437.7929992675781,444.0539855957031,81987904,437.3890075683594,442.6759948730469
2016-05-21 00:00:00,443.18798828125,442.96600341796875,443.77801513671875,42762300,441.70599365234375,443.18798828125
2016-05-22 00:00:00,439.322998046875,443.2179870605469,443.427001953125,39657600,439.0350036621094,439.322998046875
2016-05-23 00:00:00,444.1549987792969,439.3479919433594,444.3450012207031,50582500,438.822998046875,444.1549987792969
2016-05-24 00:00:00,445.9809875488281,444.2909851074219,447.1000061035156,65783100,443.92999267578125,445.9809875488281
2016-05-25 00:00:00,449.5989990234375,446.06201171875,450.2980041503906,65231000,446.06201171875,449.5989990234375
2016-05-26 00:00:00,453.3840026855469,449.6719970703125,453.6440124511719,65203800,447.89599609375,453.3840026855469
2016-05-27 00:00:00,473.4639892578125,453.52099609375,478.14898681640625,164780992,453.52099609375,473.4639892578125
2016-05-28 00:00:00,530.0399780273438,473.02899169921875,533.4730224609375,181199008,472.6990051269531,530.0399780273438
2016-05-29 00:00:00,526.2329711914062,527.4769897460938,553.9600219726562,148736992,512.1790161132812,526.2329711914062
2016-05-30 00:00:00,533.864013671875,528.4710083007812,544.3489990234375,87958704,522.9630126953125,533.864013671875
2016-05-31 00:00:00,531.385986328125,534.1909790039062,546.6179809570312,138450000,520.6619873046875,531.385986328125
2016-06-01 00:00:00,536.9199829101562,531.1069946289062,543.0800170898438,86061800,525.635986328125,536.9199829101562
2016-06-02 00:00:00,537.9719848632812,536.5150146484375,540.3519897460938,60378200,533.0780029296875,537.9719848632812
2016-06-03 00:00:00,569.1939697265625,537.6820068359375,574.6380004882812,122020000,536.9199829101562,569.1939697265625
2016-06-04 00:00:00,572.7269897460938,569.7050170898438,590.1320190429688,94925296,564.2379760742188,572.7269897460938
2016-06-05 00:00:00,574.9769897460938,573.3079833984375,582.8079833984375,68874096,569.177978515625,574.9769897460938
2016-06-06 00:00:00,585.5369873046875,574.6019897460938,586.469970703125,72138896,574.6019897460938,585.5369873046875
2016-06-07 00:00:00,576.5969848632812,585.4450073242188,590.2589721679688,107770000,567.5139770507812,576.5969848632812
2016-06-08 00:00:00,581.64501953125,577.1669921875,582.8389892578125,80265800,573.1300048828125,581.64501953125
2016-06-09 00:00:00,574.6300048828125,582.2030029296875,582.2030029296875,71301000,570.9509887695312,574.6300048828125
2016-06-10 00:00:00,577.469970703125,575.8369750976562,579.1270141601562,66991900,573.3250122070312,577.469970703125
2016-06-11 00:00:00,606.7269897460938,578.6740112304688,607.1160278320312,82357000,578.6740112304688,606.7269897460938
2016-06-12 00:00:00,672.7839965820312,609.6840209960938,684.843994140625,277084992,607.0390014648438,672.7839965820312
2016-06-13 00:00:00,704.3759765625,671.6539916992188,716.0040283203125,243295008,664.4869995117188,704.3759765625
2016-06-14 00:00:00,685.5590209960938,704.5040283203125,704.5040283203125,186694000,662.8040161132812,685.5590209960938
2016-06-15 00:00:00,694.468994140625,685.6849975585938,696.302978515625,99223800,672.5609741210938,694.468994140625
2016-06-16 00:00:00,766.3079833984375,696.5230102539062,773.7219848632812,271633984,696.5230102539062,766.3079833984375
2016-06-17 00:00:00,748.9089965820312,768.4869995117188,775.3560180664062,363320992,716.5560302734375,748.9089965820312
2016-06-18 00:00:00,756.2269897460938,748.7559814453125,777.989990234375,252718000,733.9290161132812,756.2269897460938
2016-06-19 00:00:00,763.781005859375,756.68798828125,766.6209716796875,136184992,745.6279907226562,763.781005859375
2016-06-20 00:00:00,737.2260131835938,763.927001953125,764.083984375,174511008,732.7269897460938,737.2260131835938
2016-06-21 00:00:00,666.6519775390625,735.8829956054688,735.8829956054688,309944000,639.0700073242188,666.6519775390625
2016-06-22 00:00:00,596.1160278320312,665.9149780273438,678.6699829101562,266392992,587.4829711914062,596.1160278320312
2016-06-23 00:00:00,623.9769897460938,597.4429931640625,629.3270263671875,253462000,558.1389770507812,623.9769897460938
2016-06-24 00:00:00,665.2990112304688,625.5750122070312,681.7269897460938,224316992,625.27197265625,665.2990112304688
2016-06-25 00:00:00,665.1229858398438,665.281005859375,691.7310180664062,126656000,646.5590209960938,665.1229858398438
2016-06-26 00:00:00,629.3670043945312,665.9310302734375,665.97998046875,109225000,616.9340209960938,629.3670043945312
2016-06-27 00:00:00,655.2750244140625,629.3489990234375,655.2750244140625,122134000,620.5239868164062,655.2750244140625
2016-06-28 00:00:00,647.0009765625,658.1019897460938,659.2479858398438,138384992,637.7730102539062,647.0009765625
2016-06-29 00:00:00,639.8900146484375,644.1220092773438,644.6820068359375,142456000,628.2839965820312,639.8900146484375
2016-06-30 00:00:00,673.3369750976562,640.5910034179688,675.4030151367188,138980000,636.6079711914062,673.3369750976562
2016-07-01 00:00:00,676.2960205078125,672.5150146484375,686.1539916992188,134431008,669.593994140625,676.2960205078125
2016-07-02 00:00:00,703.7020263671875,676.7340087890625,703.7020263671875,112354000,676.3989868164062,703.7020263671875
2016-07-03 00:00:00,658.6640014648438,704.968017578125,704.968017578125,129512000,649.0089721679688,658.6640014648438
2016-07-04 00:00:00,683.6619873046875,658.8040161132812,683.6619873046875,92008400,650.5079956054688,683.6619873046875
2016-07-05 00:00:00,670.6270141601562,683.208984375,683.4910278320312,130476000,665.0659790039062,670.6270141601562
2016-07-06 00:00:00,677.3309936523438,670.4180297851562,681.8980102539062,134960992,670.4180297851562,677.3309936523438
2016-07-07 00:00:00,640.56201171875,678.0900268554688,682.4320068359375,258091008,611.833984375,640.56201171875
2016-07-08 00:00:00,666.5230102539062,640.68798828125,666.7069702148438,141970000,636.4669799804688,666.5230102539062
2016-07-09 00:00:00,650.9600219726562,666.3839721679688,666.3839721679688,180536000,633.3989868164062,650.9600219726562
2016-07-10 00:00:00,649.3599853515625,650.5989990234375,652.2940063476562,102532000,641.2639770507812,649.3599853515625
2016-07-11 00:00:00,647.6589965820312,648.4840087890625,659.6290283203125,107910000,644.97998046875,647.6589965820312
2016-07-12 00:00:00,664.551025390625,648.2830200195312,675.2589721679688,138172992,646.7789916992188,664.551025390625
2016-07-13 00:00:00,654.468017578125,664.7969970703125,668.7000122070312,131449000,654.468017578125,654.468017578125
2016-07-14 00:00:00,658.0780029296875,652.9229736328125,662.9019775390625,98511400,652.9229736328125,658.0780029296875
2016-07-15 00:00:00,663.2550048828125,659.1710205078125,667.0770263671875,81673104,659.0399780273438,663.2550048828125
2016-07-16 00:00:00,660.7670288085938,663.781005859375,666.4600219726562,50330200,659.333984375,660.7670288085938
2016-07-17 00:00:00,679.458984375,661.9929809570312,682.364990234375,74407904,661.9929809570312,679.458984375
2016-07-18 00:00:00,673.1060180664062,679.8090209960938,681.5549926757812,69465000,668.625,673.1060180664062
2016-07-19 00:00:00,672.864013671875,672.7379760742188,673.2769775390625,61203300,667.6320190429688,672.864013671875
2016-07-20 00:00:00,665.6849975585938,672.8060302734375,672.9290161132812,94636400,663.3599853515625,665.6849975585938
2016-07-21 00:00:00,665.0120239257812,665.22802734375,666.218994140625,60491800,660.4149780273438,665.0120239257812
2016-07-22 00:00:00,650.6190185546875,664.9219970703125,666.5830078125,134169000,646.7219848632812,650.6190185546875
2016-07-23 00:00:00,655.5560302734375,650.7260131835938,656.3660278320312,69532200,648.5239868164062,655.5560302734375
2016-07-24 00:00:00,661.2849731445312,655.4099731445312,663.1099853515625,118184000,652.7930297851562,661.2849731445312
2016-07-25 00:00:00,654.0969848632812,661.2630004882812,661.8280029296875,78176496,653.39501953125,654.0969848632812
2016-07-26 00:00:00,651.7839965820312,654.2260131835938,656.2249755859375,225135008,645.8790283203125,651.7839965820312
2016-07-27 00:00:00,654.3519897460938,651.6270141601562,657.4559936523438,147460992,648.447021484375,654.3519897460938
2016-07-28 00:00:00,655.0349731445312,654.4920043945312,657.594970703125,86428400,654.4920043945312,655.0349731445312
2016-07-29 00:00:00,656.9920043945312,655.1110229492188,657.7960205078125,60703500,654.7860107421875,656.9920043945312
2016-07-30 00:00:00,655.0469970703125,657.0120239257812,658.2230224609375,38456100,654.208984375,655.0469970703125
2016-07-31 00:00:00,624.6810302734375,655.0999755859375,655.2849731445312,110818000,624.364990234375,624.6810302734375
2016-08-01 00:00:00,606.27197265625,624.6019897460938,626.1190185546875,121887000,605.8839721679688,606.27197265625
2016-08-02 00:00:00,547.4650268554688,606.39697265625,612.8480224609375,330932992,531.333984375,547.4650268554688
2016-08-03 00:00:00,566.35498046875,548.656005859375,573.3599853515625,207982000,541.5469970703125,566.35498046875
2016-08-04 00:00:00,578.2890014648438,566.3289794921875,579.4959716796875,125292000,565.7769775390625,578.2890014648438
2016-08-05 00:00:00,575.0430297851562,578.281005859375,578.281005859375,66127900,569.9819946289062,575.0430297851562
2016-08-06 00:00:00,587.7780151367188,575.030029296875,588.39599609375,80797296,569.468994140625,587.7780151367188
2016-08-07 00:00:00,592.6900024414062,587.77099609375,597.5130004882812,82398400,586.8159790039062,592.6900024414062
2016-08-08 00:00:00,591.0540161132812,592.7360229492188,592.9940185546875,61194100,588.0469970703125,591.0540161132812
2016-08-09 00:00:00,587.801025390625,591.0380249023438,591.0910034179688,92228096,584.7930297851562,587.801025390625
2016-08-10 00:00:00,592.10302734375,587.6480102539062,599.9840087890625,102905000,586.3709716796875,592.10302734375
2016-08-11 00:00:00,589.1199951171875,592.1240234375,597.5419921875,74514400,589.1199951171875,589.1199951171875
2016-08-12 00:00:00,587.5590209960938,588.7979736328125,589.9099731445312,69218000,583.8109741210938,587.5590209960938
2016-08-13 00:00:00,585.5880126953125,587.3569946289062,589.7739868164062,43563000,584.97900390625,585.5880126953125
2016-08-14 00:00:00,570.4730224609375,585.5889892578125,585.666015625,60851100,564.781005859375,570.4730224609375
2016-08-15 00:00:00,567.239990234375,570.4940185546875,573.5800170898438,57262300,563.239990234375,567.239990234375
2016-08-16 00:00:00,577.4390258789062,567.2429809570312,581.7379760742188,58405200,566.7160034179688,577.4390258789062
2016-08-17 00:00:00,573.2160034179688,577.760986328125,580.8939819335938,54443000,571.4299926757812,573.2160034179688
2016-08-18 00:00:00,574.3179931640625,573.7069702148438,577.7919921875,59896600,573.4299926757812,574.3179931640625
2016-08-19 00:00:00,575.6300048828125,574.3389892578125,578.2379760742188,50631600,574.1820068359375,575.6300048828125
2016-08-20 00:00:00,581.697021484375,576.083984375,582.8179931640625,45301400,575.4569702148438,581.697021484375
2016-08-21 00:00:00,581.3079833984375,581.9390258789062,584.1580200195312,38299400,580.218017578125,581.3079833984375
2016-08-22 00:00:00,586.7529907226562,581.3109741210938,588.447998046875,72844000,580.593994140625,586.7529907226562
2016-08-23 00:00:00,583.4149780273438,586.77099609375,589.4739990234375,85349200,581.6339721679688,583.4149780273438
2016-08-24 00:00:00,580.1820068359375,583.4119873046875,583.5900268554688,56328200,579.85498046875,580.1820068359375
2016-08-25 00:00:00,577.760986328125,580.1799926757812,580.4509887695312,136130000,575.1669921875,577.760986328125
2016-08-26 00:00:00,579.6510009765625,577.7529907226562,580.6229858398438,48856800,576.8579711914062,579.6510009765625
2016-08-27 00:00:00,569.947021484375,579.4520263671875,579.844970703125,59698300,568.6300048828125,569.947021484375
2016-08-28 00:00:00,573.9119873046875,569.8300170898438,574.0380249023438,86301600,569.739990234375,573.9119873046875
2016-08-29 00:00:00,574.1069946289062,574.0709838867188,576.2780151367188,110398000,573.4650268554688,574.1069946289062
2016-08-30 00:00:00,577.5029907226562,574.114013671875,578.3569946289062,70342400,574.114013671875,577.5029907226562
2016-08-31 00:00:00,575.4719848632812,577.5910034179688,577.8610229492188,75840896,573.6420288085938,575.4719848632812
2016-09-01 00:00:00,572.302978515625,575.5460205078125,576.3109741210938,76923400,571.8140258789062,572.302978515625
2016-09-02 00:00:00,575.5369873046875,572.4099731445312,575.6430053710938,79910800,570.8109741210938,575.5369873046875
2016-09-03 00:00:00,598.2119750976562,575.5549926757812,599.5,159014000,574.0560302734375,598.2119750976562
2016-09-04 00:00:00,608.6339721679688,598.5900268554688,611.8369750976562,97942896,596.8480224609375,608.6339721679688
2016-09-05 00:00:00,606.5900268554688,608.989990234375,609.0549926757812,82446800,602.2420043945312,606.5900268554688
2016-09-06 00:00:00,610.4359741210938,606.5059814453125,610.8300170898438,78529104,605.0910034179688,610.4359741210938
2016-09-07 00:00:00,614.5440063476562,610.572998046875,614.5449829101562,75032400,608.5130004882812,614.5440063476562
2016-09-08 00:00:00,626.3159790039062,614.635009765625,628.77001953125,86713000,613.843994140625,626.3159790039062
2016-09-09 00:00:00,622.8610229492188,626.3519897460938,626.8300170898438,64550200,620.2630004882812,622.8610229492188
2016-09-10 00:00:00,623.5089721679688,622.927001953125,625.094970703125,45016800,622.39501953125,623.5089721679688
2016-09-11 00:00:00,606.718994140625,623.4240112304688,628.8179931640625,73610800,600.5059814453125,606.718994140625
2016-09-12 00:00:00,608.2429809570312,607.0050048828125,608.458984375,72812304,605.4110107421875,608.2429809570312
2016-09-13 00:00:00,609.2410278320312,608.0250244140625,611.1929931640625,86920600,606.9249877929688,609.2410278320312
2016-09-14 00:00:00,610.6840209960938,608.8410034179688,611.9520263671875,47877700,608.4099731445312,610.6840209960938
2016-09-15 00:00:00,607.155029296875,610.5880126953125,611.0859985351562,59464600,607.155029296875,607.155029296875
2016-09-16 00:00:00,606.9730224609375,607.2459716796875,609.260986328125,64963400,606.7349853515625,606.9730224609375
2016-09-17 00:00:00,605.9840087890625,607.218017578125,607.8599853515625,37140300,605.1920166015625,605.9840087890625
2016-09-18 00:00:00,609.8740234375,606.2830200195312,610.1580200195312,48679400,605.8560180664062,609.8740234375
2016-09-19 00:00:00,609.2269897460938,609.8709716796875,610.9320068359375,54796400,608.27001953125,609.2269897460938
2016-09-20 00:00:00,608.31201171875,609.2540283203125,609.5250244140625,72710896,607.93798828125,608.31201171875
2016-09-21 00:00:00,597.1489868164062,603.5880126953125,603.5880126953125,82776200,595.8829956054688,597.1489868164062
2016-09-22 00:00:00,596.2979736328125,597.2789916992188,598.4869995117188,67085300,596.2130126953125,596.2979736328125
2016-09-23 00:00:00,602.8419799804688,596.198974609375,603.2050170898438,51067000,595.7860107421875,602.8419799804688
2016-09-24 00:00:00,602.625,602.9609985351562,604.5800170898438,35359500,602.0449829101562,602.625
2016-09-25 00:00:00,600.8259887695312,602.7490234375,603.3809814453125,33977800,599.7109985351562,600.8259887695312
2016-09-26 00:00:00,608.0430297851562,600.8070068359375,608.1430053710938,59153800,600.3489990234375,608.0430297851562
2016-09-27 00:00:00,606.166015625,608.02197265625,608.2479858398438,49422400,604.1099853515625,606.166015625
2016-09-28 00:00:00,604.72802734375,606.2429809570312,606.5900268554688,48722600,604.6069946289062,604.72802734375
2016-09-29 00:00:00,605.6929931640625,605.0189819335938,606.823974609375,55658600,604.8480224609375,605.6929931640625
2016-09-30 00:00:00,609.7349853515625,605.7150268554688,609.7349853515625,56122400,604.1420288085938,609.7349853515625
2016-10-01 00:00:00,613.9829711914062,609.9290161132812,615.2369995117188,56357000,609.9290161132812,613.9829711914062
2016-10-02 00:00:00,610.8920288085938,613.947998046875,614.0050048828125,39249800,609.6820068359375,610.8920288085938
2016-10-03 00:00:00,612.1329956054688,610.968017578125,612.5679931640625,46798300,610.4550170898438,612.1329956054688
2016-10-04 00:00:00,610.2039794921875,612.052001953125,612.0540161132812,49801600,609.47900390625,610.2039794921875
2016-10-05 00:00:00,612.510986328125,610.218017578125,613.8140258789062,68077504,609.6170043945312,612.510986328125
2016-10-06 00:00:00,613.02099609375,612.469970703125,613.8189697265625,56812100,611.468994140625,613.02099609375
2016-10-07 00:00:00,617.1209716796875,612.6079711914062,617.9119873046875,64071400,611.8209838867188,617.1209716796875
2016-10-08 00:00:00,619.1079711914062,617.3410034179688,619.8489990234375,42345900,617.3410034179688,619.1079711914062
2016-10-09 00:00:00,616.7520141601562,619.1719970703125,619.197998046875,39243400,616.6069946289062,616.7520141601562
2016-10-10 00:00:00,618.9940185546875,616.822021484375,621.3179931640625,67481104,616.197021484375,618.9940185546875
2016-10-11 00:00:00,641.072021484375,619.2379760742188,642.0800170898438,103590000,618.5,641.072021484375
2016-10-12 00:00:00,636.1920166015625,640.8709716796875,641.3369750976562,92370200,635.9650268554688,636.1920166015625
2016-10-13 00:00:00,636.7860107421875,636.030029296875,638.8330078125,61620700,635.0289916992188,636.7860107421875
2016-10-14 00:00:00,640.3779907226562,637.0079956054688,641.2849731445312,58144600,637.0079956054688,640.3779907226562
2016-10-15 00:00:00,638.64599609375,640.3109741210938,642.1019897460938,39035400,637.3900146484375,638.64599609375
2016-10-16 00:00:00,641.6309814453125,639.0830078125,642.8980102539062,40298100,638.9010009765625,641.6309814453125
2016-10-17 00:00:00,639.1929931640625,641.8179931640625,642.3280029296875,58063600,638.6630249023438,639.1929931640625
2016-10-18 00:00:00,637.9600219726562,639.4110107421875,640.7360229492188,65546700,635.9959716796875,637.9600219726562
2016-10-19 00:00:00,630.52001953125,638.1339721679688,638.8740234375,69381696,628.0130004882812,630.52001953125
2016-10-20 00:00:00,630.8569946289062,630.6630249023438,631.9169921875,56957300,628.2579956054688,630.8569946289062
2016-10-21 00:00:00,632.8280029296875,630.8250122070312,634.093994140625,55951000,630.6939697265625,632.8280029296875
2016-10-22 00:00:00,657.2940063476562,633.135986328125,658.197021484375,78556496,632.8499755859375,657.2940063476562
2016-10-23 00:00:00,657.0709838867188,657.6209716796875,661.1290283203125,54474600,653.885986328125,657.0709838867188
2016-10-24 00:00:00,653.760986328125,657.1610107421875,657.2520141601562,62218200,652.594970703125,653.760986328125
2016-10-25 00:00:00,657.5880126953125,654.0020141601562,664.4240112304688,90378800,653.697998046875,657.5880126953125
2016-10-26 00:00:00,678.3040161132812,657.677978515625,679.72802734375,88877104,657.677978515625,678.3040161132812
2016-10-27 00:00:00,688.31298828125,678.2139892578125,688.593994140625,96105296,678.0399780273438,688.31298828125
2016-10-28 00:00:00,689.6510009765625,688.0,690.4439697265625,81145504,684.1619873046875,689.6510009765625
2016-10-29 00:00:00,714.47900390625,690.2890014648438,720.4019775390625,134760992,690.052001953125,714.47900390625
2016-10-30 00:00:00,701.864013671875,714.1179809570312,714.1179809570312,100665000,696.4749755859375,701.864013671875
2016-10-31 00:00:00,700.9719848632812,702.6400146484375,709.2890014648438,97064400,691.6820068359375,700.9719848632812
2016-11-01 00:00:00,729.7930297851562,701.3369750976562,736.4520263671875,130527000,701.3369750976562,729.7930297851562
2016-11-02 00:00:00,740.8289794921875,730.0659790039062,740.8289794921875,84865200,722.3489990234375,740.8289794921875
2016-11-03 00:00:00,688.7000122070312,742.3460083007812,745.7730102539062,172808000,678.156005859375,688.7000122070312
2016-11-04 00:00:00,703.2349853515625,689.1240234375,706.9299926757812,99907696,685.56298828125,703.2349853515625
2016-11-05 00:00:00,703.4180297851562,703.5250244140625,707.510009765625,53752300,697.739013671875,703.4180297851562
2016-11-06 00:00:00,711.52197265625,703.81201171875,714.2579956054688,59902200,699.5599975585938,711.52197265625
2016-11-07 00:00:00,703.1309814453125,710.7360229492188,710.7360229492188,65047100,699.9030151367188,703.1309814453125
2016-11-08 00:00:00,709.8480224609375,703.0889892578125,712.9869995117188,79660800,702.3900146484375,709.8480224609375
2016-11-09 00:00:00,723.2730102539062,709.8250122070312,740.0460205078125,132429000,708.6099853515625,723.2730102539062
2016-11-10 00:00:00,715.5339965820312,722.843994140625,723.0180053710938,68807800,711.2100219726562,715.5339965820312
2016-11-11 00:00:00,716.4110107421875,715.5549926757812,718.3179931640625,63119700,714.4099731445312,716.4110107421875
2016-11-12 00:00:00,705.0540161132812,716.7520141601562,717.1480102539062,64622500,704.0349731445312,705.0540161132812
2016-11-13 00:00:00,702.031005859375,705.1959838867188,705.2570190429688,80318096,687.3150024414062,702.031005859375
2016-11-14 00:00:00,705.02099609375,701.9970092773438,706.2839965820312,62993000,699.8079833984375,705.02099609375
2016-11-15 00:00:00,711.6190185546875,705.7940063476562,715.718017578125,72038496,705.260009765625,711.6190185546875
2016-11-16 00:00:00,744.197998046875,711.1669921875,747.614990234375,141294000,709.0390014648438,744.197998046875
2016-11-17 00:00:00,740.9769897460938,744.8759765625,755.64501953125,108579000,739.510986328125,740.9769897460938
2016-11-18 00:00:00,751.5850219726562,740.7050170898438,752.8820190429688,87363104,736.8900146484375,751.5850219726562
2016-11-19 00:00:00,751.6160278320312,751.8330078125,756.2369995117188,110608000,744.4669799804688,751.6160278320312
2016-11-20 00:00:00,731.0260009765625,751.8790283203125,755.47998046875,154116000,717.9439697265625,731.0260009765625
2016-11-21 00:00:00,739.2479858398438,731.2650146484375,741.7219848632812,60802400,730.510009765625,739.2479858398438
2016-11-22 00:00:00,751.3469848632812,739.6430053710938,753.8699951171875,129906000,736.5269775390625,751.3469848632812
2016-11-23 00:00:00,744.593994140625,751.7410278320312,752.25,76543800,738.9240112304688,744.593994140625
2016-11-24 00:00:00,740.2890014648438,744.6199951171875,746.8319702148438,85919296,733.489990234375,740.2890014648438
2016-11-25 00:00:00,741.6489868164062,740.4420166015625,741.6489868164062,67807600,734.5910034179688,741.6489868164062
2016-11-26 00:00:00,735.3820190429688,741.510986328125,742.2139892578125,54962700,729.625,735.3820190429688
2016-11-27 00:00:00,732.0349731445312,735.43701171875,739.0180053710938,52601800,731.0850219726562,732.0349731445312
2016-11-28 00:00:00,735.81298828125,732.4840087890625,738.0059814453125,61888600,732.4840087890625,735.81298828125
2016-11-29 00:00:00,735.60400390625,736.3289794921875,737.4710083007812,68511104,734.5590209960938,735.60400390625
2016-11-30 00:00:00,745.6909790039062,736.2839965820312,747.9290161132812,84070800,736.2650146484375,745.6909790039062
2016-12-01 00:00:00,756.7739868164062,746.0460205078125,758.2750244140625,80461904,746.0460205078125,756.7739868164062
2016-12-02 00:00:00,777.9439697265625,757.5449829101562,781.2960205078125,127605000,757.5449829101562,777.9439697265625
2016-12-03 00:00:00,771.155029296875,778.2479858398438,778.2479858398438,69547296,764.8560180664062,771.155029296875
2016-12-04 00:00:00,773.8720092773438,771.6380004882812,773.8720092773438,60557900,768.1610107421875,773.8720092773438
2016-12-05 00:00:00,758.7000122070312,773.3939819335938,773.468017578125,106363000,751.7130126953125,758.7000122070312
2016-12-06 00:00:00,764.2239990234375,758.719970703125,765.6220092773438,116218000,758.719970703125,764.2239990234375
2016-12-07 00:00:00,768.1320190429688,764.2109985351562,771.5430297851562,96426096,759.75,768.1320190429688
2016-12-08 00:00:00,770.8099975585938,768.0759887695312,774.697998046875,80111904,765.9459838867188,770.8099975585938
2016-12-09 00:00:00,772.7940063476562,769.9439697265625,774.5280151367188,68705296,769.6489868164062,772.7940063476562
2016-12-10 00:00:00,774.6500244140625,773.0230102539062,777.0919799804688,53843100,772.9099731445312,774.6500244140625
2016-12-11 00:00:00,769.7310180664062,774.7520141601562,774.7979736328125,57313400,765.4119873046875,769.7310180664062
2016-12-12 00:00:00,780.0869750976562,770.0399780273438,781.9219970703125,76571000,770.0399780273438,780.0869750976562
2016-12-13 00:00:00,780.5560302734375,780.64697265625,788.4600219726562,81645600,777.9619750976562,780.5560302734375
2016-12-14 00:00:00,781.4810180664062,780.0050048828125,782.0339965820312,75979000,776.8389892578125,781.4810180664062
2016-12-15 00:00:00,778.0880126953125,780.0700073242188,781.4349975585938,81580096,777.802001953125,778.0880126953125
2016-12-16 00:00:00,784.906982421875,778.9630126953125,785.031982421875,83608200,778.9630126953125,784.906982421875
2016-12-17 00:00:00,790.8289794921875,785.166015625,792.5089721679688,78989800,784.864013671875,790.8289794921875
2016-12-18 00:00:00,790.530029296875,791.0079956054688,794.7369995117188,60524400,788.0260009765625,790.530029296875
2016-12-19 00:00:00,792.7139892578125,790.6920166015625,793.6110229492188,74886400,790.3200073242188,792.7139892578125
2016-12-20 00:00:00,800.8759765625,792.2470092773438,801.3369750976562,99629296,791.4970092773438,800.8759765625
2016-12-21 00:00:00,834.281005859375,800.6439819335938,834.281005859375,155576000,799.405029296875,834.281005859375
2016-12-22 00:00:00,864.5399780273438,834.1799926757812,875.781982421875,200027008,834.1489868164062,864.5399780273438
2016-12-23 00:00:00,921.9840087890625,864.8880004882812,925.1170043945312,275564000,864.677001953125,921.9840087890625
2016-12-24 00:00:00,898.822021484375,922.1799926757812,923.47900390625,137727008,886.3350219726562,898.822021484375
2016-12-25 00:00:00,896.1829833984375,899.6519775390625,899.6519775390625,143664992,862.4240112304688,896.1829833984375
2016-12-26 00:00:00,907.6099853515625,896.905029296875,913.1840209960938,123771000,896.8980102539062,907.6099853515625
2016-12-27 00:00:00,933.197998046875,908.35400390625,940.0479736328125,167308000,904.2550048828125,933.197998046875
2016-12-28 00:00:00,975.9210205078125,934.8309936523438,975.9210205078125,236630000,934.8309936523438,975.9210205078125
2016-12-29 00:00:00,973.4970092773438,975.125,979.39697265625,199320000,954.5029907226562,973.4970092773438
2016-12-30 00:00:00,961.2379760742188,972.5349731445312,972.5349731445312,187474000,934.8330078125,961.2379760742188
2016-12-31 00:00:00,963.7429809570312,960.6270141601562,963.7429809570312,99135104,947.2360229492188,963.7429809570312
2017-01-01 00:00:00,998.3250122070312,963.6580200195312,1003.0800170898438,147775008,958.698974609375,998.3250122070312
2017-01-02 00:00:00,1021.75,998.6170043945312,1031.3900146484375,222184992,996.7020263671875,1021.75
2017-01-03 00:00:00,1043.8399658203125,1021.5999755859375,1044.0799560546875,185168000,1021.5999755859375,1043.8399658203125
2017-01-04 00:00:00,1154.72998046875,1044.4000244140625,1159.4200439453125,344945984,1044.4000244140625,1154.72998046875
2017-01-05 00:00:00,1013.3800048828125,1156.72998046875,1191.0999755859375,510199008,910.4169921875,1013.3800048828125
2017-01-06 00:00:00,902.2009887695312,1014.239990234375,1046.81005859375,351876000,883.9439697265625,902.2009887695312
2017-01-07 00:00:00,908.5850219726562,903.4869995117188,908.5850219726562,279550016,823.5560302734375,908.5850219726562
2017-01-08 00:00:00,911.198974609375,908.1749877929688,942.7239990234375,158715008,887.2490234375,911.198974609375
2017-01-09 00:00:00,902.8280029296875,913.2440185546875,913.6859741210938,141876992,879.8070068359375,902.8280029296875
2017-01-10 00:00:00,907.6790161132812,902.4400024414062,914.8729858398438,115808000,901.0599975585938,907.6790161132812
2017-01-11 00:00:00,777.7570190429688,908.114990234375,919.447998046875,310928992,762.7650146484375,777.7570190429688
2017-01-12 00:00:00,804.833984375,775.177978515625,826.2459716796875,222326000,755.7559814453125,804.833984375
2017-01-13 00:00:00,823.9840087890625,803.7369995117188,829.0009765625,168968000,780.0029907226562,823.9840087890625
2017-01-14 00:00:00,818.4119873046875,825.1420288085938,835.0850219726562,93063296,812.4559936523438,818.4119873046875
2017-01-15 00:00:00,821.7979736328125,818.1420288085938,823.3070068359375,71013600,812.8709716796875,821.7979736328125
2017-01-16 00:00:00,831.5339965820312,821.7830200195312,834.530029296875,82755200,820.27099609375,831.5339965820312
2017-01-17 00:00:00,907.93798828125,830.9459838867188,910.5609741210938,155095008,830.7960205078125,907.93798828125
2017-01-18 00:00:00,886.6179809570312,909.3729858398438,917.4990234375,225676992,858.3040161132812,886.6179809570312
2017-01-19 00:00:00,899.072998046875,888.3350219726562,904.614013671875,105625000,884.3380126953125,899.072998046875
2017-01-20 00:00:00,895.0260009765625,898.1719970703125,899.3980102539062,86728400,887.0079956054688,895.0260009765625
2017-01-21 00:00:00,921.7890014648438,895.5490112304688,927.3670043945312,111158000,895.5349731445312,921.7890014648438
2017-01-22 00:00:00,924.6729736328125,922.2050170898438,937.5250244140625,116573000,897.5640258789062,924.6729736328125
2017-01-23 00:00:00,921.0120239257812,925.4990234375,928.2659912109375,73588600,916.7379760742188,921.0120239257812
2017-01-24 00:00:00,892.68701171875,910.677001953125,924.14501953125,111349000,892.2860107421875,892.68701171875
2017-01-25 00:00:00,901.5419921875,891.9240112304688,903.2520141601562,120831000,891.68701171875,901.5419921875
2017-01-26 00:00:00,917.5859985351562,902.39501953125,919.3259887695312,131958000,902.2239990234375,917.5859985351562
2017-01-27 00:00:00,919.75,918.3590087890625,923.2230224609375,125594000,915.8460083007812,919.75
2017-01-28 00:00:00,921.5900268554688,919.8109741210938,923.9110107421875,68979600,919.8109741210938,921.5900268554688
2017-01-29 00:00:00,919.4959716796875,922.0670166015625,923.4180297851562,60851700,919.1480102539062,919.4959716796875
2017-01-30 00:00:00,920.3820190429688,920.1510009765625,923.0479736328125,78227296,919.4739990234375,920.3820190429688
2017-01-31 00:00:00,970.4030151367188,920.958984375,972.0189819335938,164582000,920.958984375,970.4030151367188
2017-02-01 00:00:00,989.0230102539062,970.9409790039062,989.114013671875,150110000,970.7420043945312,989.0230102539062
2017-02-02 00:00:00,1011.7999877929688,990.0009765625,1013.52001953125,145820992,983.2210083007812,1011.7999877929688
2017-02-03 00:00:00,1029.9100341796875,1011.4600219726562,1033.8699951171875,201278000,1008.7899780273438,1029.9100341796875
2017-02-04 00:00:00,1042.9000244140625,1031.3299560546875,1045.9000244140625,155064000,1015.1599731445312,1042.9000244140625
2017-02-05 00:00:00,1027.3399658203125,1043.52001953125,1043.6300048828125,114208000,1022.3699951171875,1027.3399658203125
2017-02-06 00:00:00,1038.1500244140625,1028.4000244140625,1044.6400146484375,111762000,1028.1600341796875,1038.1500244140625
2017-02-07 00:00:00,1061.3499755859375,1040.1400146484375,1061.9300537109375,146007008,1040.1400146484375,1061.3499755859375
2017-02-08 00:00:00,1063.0699462890625,1062.3199462890625,1078.969970703125,201855008,1037.489990234375,1063.0699462890625
2017-02-09 00:00:00,994.3829956054688,1064.699951171875,1088.989990234375,407220000,953.343994140625,994.3829956054688
2017-02-10 00:00:00,988.6740112304688,995.6320190429688,998.905029296875,190452000,946.6909790039062,988.6740112304688
2017-02-11 00:00:00,1004.4500122070312,988.8980102539062,1009.2899780273438,102261000,982.8300170898438,1004.4500122070312
2017-02-12 00:00:00,999.1810302734375,1003.52001953125,1004.760009765625,67530000,996.9210205078125,999.1810302734375
2017-02-13 00:00:00,990.6420288085938,998.885009765625,1002.0999755859375,100607000,976.0020141601562,990.6420288085938
2017-02-14 00:00:00,1004.5499877929688,991.7349853515625,1011.510009765625,137946000,986.4710083007812,1004.5499877929688
2017-02-15 00:00:00,1007.47998046875,1006.2100219726562,1008.8400268554688,89759400,1001.5800170898438,1007.47998046875
2017-02-16 00:00:00,1027.43994140625,1007.6500244140625,1033.3699951171875,122277000,1007.6500244140625,1027.43994140625
2017-02-17 00:00:00,1046.2099609375,1026.1199951171875,1053.1700439453125,136474000,1025.6400146484375,1046.2099609375
2017-02-18 00:00:00,1054.4200439453125,1049.2099609375,1061.0999755859375,99073504,1046.9599609375,1054.4200439453125
2017-02-19 00:00:00,1047.8699951171875,1054.760009765625,1056.81005859375,77423296,1043.4599609375,1047.8699951171875
2017-02-20 00:00:00,1079.97998046875,1048.68994140625,1080.489990234375,109478000,1041.68994140625,1079.97998046875
2017-02-21 00:00:00,1115.300048828125,1079.280029296875,1117.25,186868992,1076.9300537109375,1115.300048828125
2017-02-22 00:00:00,1117.43994140625,1114.800048828125,1125.3900146484375,136100000,1100.550048828125,1117.43994140625
2017-02-23 00:00:00,1166.719970703125,1117.27001953125,1176.6199951171875,189454000,1116.9599609375,1166.719970703125
2017-02-24 00:00:00,1173.6800537109375,1172.7099609375,1200.3900146484375,330759008,1131.9599609375,1173.6800537109375
2017-02-25 00:00:00,1143.8399658203125,1170.4100341796875,1174.8499755859375,139960992,1124.5899658203125,1143.8399658203125
2017-02-26 00:00:00,1165.199951171875,1144.27001953125,1167.469970703125,116486000,1130.199951171875,1165.199951171875
2017-02-27 00:00:00,1179.969970703125,1163.780029296875,1181.97998046875,131570000,1163.3800048828125,1179.969970703125
2017-02-28 00:00:00,1179.969970703125,1180.719970703125,1193.25,184956000,1171.8199462890625,1179.969970703125
2017-03-01 00:00:00,1222.5,1180.0400390625,1222.5,229056992,1179.68994140625,1222.5
2017-03-02 00:00:00,1251.010009765625,1224.6800537109375,1262.1300048828125,368275008,1215.6199951171875,1251.010009765625
2017-03-03 00:00:00,1274.989990234375,1250.7099609375,1280.31005859375,315739008,1250.7099609375,1274.989990234375
2017-03-04 00:00:00,1255.1500244140625,1277.4300537109375,1279.4000244140625,183270000,1230.510009765625,1255.1500244140625
2017-03-05 00:00:00,1267.1199951171875,1254.2900390625,1267.2900390625,134127000,1238.06005859375,1267.1199951171875
2017-03-06 00:00:00,1272.8299560546875,1267.469970703125,1276.0,153656992,1264.5999755859375,1272.8299560546875
2017-03-07 00:00:00,1223.5400390625,1273.2099609375,1275.550048828125,291256000,1204.800048828125,1223.5400390625
2017-03-08 00:00:00,1150.0,1223.22998046875,1232.1600341796875,332603008,1148.0799560546875,1150.0
2017-03-09 00:00:00,1188.489990234375,1150.3499755859375,1197.4599609375,212283008,1141.22998046875,1188.489990234375
2017-03-10 00:00:00,1116.719970703125,1189.3599853515625,1270.469970703125,563795968,1077.25,1116.719970703125
2017-03-11 00:00:00,1175.8299560546875,1116.3199462890625,1193.8299560546875,283320000,1116.3199462890625,1175.8299560546875
2017-03-12 00:00:00,1221.3800048828125,1176.6199951171875,1226.97998046875,227176000,1175.3599853515625,1221.3800048828125
2017-03-13 00:00:00,1231.9200439453125,1221.780029296875,1237.3699951171875,380276992,1217.030029296875,1231.9200439453125
2017-03-14 00:00:00,1240.0,1232.1600341796875,1244.81005859375,245306000,1220.719970703125,1240.0
2017-03-15 00:00:00,1249.6099853515625,1240.1600341796875,1251.6099853515625,297804992,1239.75,1249.6099853515625
2017-03-16 00:00:00,1187.81005859375,1251.3299560546875,1257.97998046875,638568000,1152.43994140625,1187.81005859375
2017-03-17 00:00:00,1100.22998046875,1180.1600341796875,1180.1600341796875,706598976,1099.5699462890625,1100.22998046875
2017-03-18 00:00:00,973.8179931640625,1099.68994140625,1114.0699462890625,621302016,957.655029296875,973.8179931640625
2017-03-19 00:00:00,1036.739990234375,976.72998046875,1069.9100341796875,406648000,976.72998046875,1036.739990234375
2017-03-20 00:00:00,1054.22998046875,1037.239990234375,1063.030029296875,286529984,1036.6800537109375,1054.22998046875
2017-03-21 00:00:00,1120.5400390625,1055.3599853515625,1122.4300537109375,337391008,1055.3599853515625,1120.5400390625
2017-03-22 00:00:00,1049.1400146484375,1120.6500244140625,1120.6500244140625,380840992,1014.2100219726562,1049.1400146484375
2017-03-23 00:00:00,1038.5899658203125,1050.050048828125,1058.010009765625,248540000,1028.9300537109375,1038.5899658203125
2017-03-24 00:00:00,937.52001953125,1038.449951171875,1040.469970703125,491038016,934.3579711914062,937.52001953125
2017-03-25 00:00:00,972.7789916992188,936.5399780273438,975.760986328125,435803008,903.7130126953125,972.7789916992188
2017-03-26 00:00:00,966.7249755859375,974.0150146484375,1007.9600219726562,303668000,954.1859741210938,966.7249755859375
2017-03-27 00:00:00,1045.77001953125,972.0549926757812,1046.4000244140625,372535008,971.9840087890625,1045.77001953125
2017-03-28 00:00:00,1047.1500244140625,1044.5799560546875,1064.6500244140625,326332000,1027.72998046875,1047.1500244140625
2017-03-29 00:00:00,1039.969970703125,1046.0799560546875,1055.1300048828125,298457984,1015.8800048828125,1039.969970703125
2017-03-30 00:00:00,1026.4300537109375,1042.2099609375,1049.2900390625,352968992,1020.0399780273438,1026.4300537109375
2017-03-31 00:00:00,1071.7900390625,1026.6400146484375,1074.9200439453125,447287008,1026.6400146484375,1071.7900390625
2017-04-01 00:00:00,1080.5,1071.7099609375,1091.719970703125,289633984,1061.0899658203125,1080.5
2017-04-02 00:00:00,1102.1700439453125,1080.6099853515625,1107.5899658203125,514187008,1075.449951171875,1102.1700439453125
2017-04-03 00:00:00,1143.81005859375,1102.949951171875,1151.739990234375,580444032,1102.949951171875,1143.81005859375
2017-04-04 00:00:00,1133.25,1145.52001953125,1156.43994140625,436310016,1120.52001953125,1133.25
2017-04-05 00:00:00,1124.780029296875,1134.1400146484375,1135.0899658203125,414784000,1113.6300048828125,1124.780029296875
2017-04-06 00:00:00,1182.6800537109375,1125.81005859375,1188.3699951171875,511222016,1125.81005859375,1182.6800537109375
2017-04-07 00:00:00,1176.9000244140625,1178.93994140625,1186.5799560546875,317022016,1163.3900146484375,1176.9000244140625
2017-04-08 00:00:00,1175.949951171875,1172.6500244140625,1184.97998046875,209312000,1162.5799560546875,1175.949951171875
2017-04-09 00:00:00,1187.8699951171875,1176.5699462890625,1197.2099609375,242343008,1171.8599853515625,1187.8699951171875
2017-04-10 00:00:00,1187.1300048828125,1187.300048828125,1190.3399658203125,215883008,1179.0400390625,1187.1300048828125
2017-04-11 00:00:00,1205.010009765625,1187.4599609375,1208.0699462890625,216182000,1187.4599609375,1205.010009765625
2017-04-12 00:00:00,1200.3699951171875,1204.81005859375,1207.1400146484375,288702016,1196.760009765625,1200.3699951171875
2017-04-13 00:00:00,1169.280029296875,1201.02001953125,1205.8900146484375,351968992,1156.43994140625,1169.280029296875
2017-04-14 00:00:00,1167.5400390625,1170.3299560546875,1190.800048828125,254827008,1159.7900390625,1167.5400390625
2017-04-15 00:00:00,1172.52001953125,1167.300048828125,1188.0,203559008,1164.9599609375,1172.52001953125
2017-04-16 00:00:00,1182.93994140625,1172.6099853515625,1187.219970703125,183231008,1172.6099853515625,1182.93994140625
2017-04-17 00:00:00,1193.9100341796875,1183.25,1194.9000244140625,253206000,1172.6500244140625,1193.9100341796875
2017-04-18 00:00:00,1211.6700439453125,1193.77001953125,1217.5699462890625,270524000,1193.77001953125,1211.6700439453125
2017-04-19 00:00:00,1210.2900390625,1212.1300048828125,1215.510009765625,288060992,1205.0799560546875,1210.2900390625
2017-04-20 00:00:00,1229.0799560546875,1211.0799560546875,1240.7900390625,315108000,1208.4100341796875,1229.0799560546875
2017-04-21 00:00:00,1222.050048828125,1229.4200439453125,1235.93994140625,272167008,1215.56005859375,1222.050048828125
2017-04-22 00:00:00,1231.7099609375,1222.7099609375,1235.56005859375,249320000,1208.469970703125,1231.7099609375
2017-04-23 00:00:00,1207.2099609375,1231.9200439453125,1232.199951171875,258951008,1203.93994140625,1207.2099609375
2017-04-24 00:00:00,1250.1500244140625,1209.6300048828125,1250.93994140625,235806000,1209.6300048828125,1250.1500244140625
2017-04-25 00:00:00,1265.489990234375,1250.449951171875,1267.5799560546875,242556000,1249.969970703125,1265.489990234375
2017-04-26 00:00:00,1281.0799560546875,1265.989990234375,1294.8299560546875,329631008,1265.9300537109375,1281.0799560546875
2017-04-27 00:00:00,1317.72998046875,1281.8800048828125,1319.699951171875,449196992,1281.300048828125,1317.72998046875
2017-04-28 00:00:00,1316.47998046875,1317.739990234375,1331.280029296875,527488992,1292.3699951171875,1316.47998046875
2017-04-29 00:00:00,1321.7900390625,1317.8399658203125,1327.199951171875,422705984,1315.2099609375,1321.7900390625
2017-04-30 00:00:00,1347.8900146484375,1321.8699951171875,1347.9100341796875,413115008,1314.9200439453125,1347.8900146484375
2017-05-01 00:00:00,1421.5999755859375,1348.300048828125,1434.3199462890625,713624000,1348.300048828125,1421.5999755859375
2017-05-02 00:00:00,1452.8199462890625,1421.030029296875,1473.9000244140625,477337984,1415.68994140625,1452.8199462890625
2017-05-03 00:00:00,1490.0899658203125,1453.780029296875,1492.77001953125,583795968,1447.489990234375,1490.0899658203125
2017-05-04 00:00:00,1537.6700439453125,1490.719970703125,1608.9100341796875,933548992,1490.719970703125,1537.6700439453125
2017-05-05 00:00:00,1555.449951171875,1540.8699951171875,1618.030029296875,946035968,1530.31005859375,1555.449951171875
2017-05-06 00:00:00,1578.800048828125,1556.81005859375,1578.800048828125,582529984,1542.5,1578.800048828125
2017-05-07 00:00:00,1596.7099609375,1579.469970703125,1596.719970703125,1080029952,1559.760009765625,1596.7099609375
2017-05-08 00:00:00,1723.3499755859375,1596.9200439453125,1723.3499755859375,1340320000,1596.9200439453125,1723.3499755859375
2017-05-09 00:00:00,1755.3599853515625,1723.8900146484375,1833.489990234375,1167920000,1716.300048828125,1755.3599853515625
2017-05-10 00:00:00,1787.1300048828125,1756.52001953125,1788.43994140625,915723008,1719.0999755859375,1787.1300048828125
2017-05-11 00:00:00,1848.5699462890625,1780.3699951171875,1873.9300537109375,799489984,1755.3499755859375,1848.5699462890625
2017-05-12 00:00:00,1724.239990234375,1845.760009765625,1856.1500244140625,740984000,1694.010009765625,1724.239990234375
2017-05-13 00:00:00,1804.9100341796875,1723.1199951171875,1812.989990234375,579635008,1651.0799560546875,1804.9100341796875
2017-05-14 00:00:00,1808.9100341796875,1800.8599853515625,1831.4200439453125,437196000,1776.6199951171875,1808.9100341796875
2017-05-15 00:00:00,1738.4300537109375,1808.43994140625,1812.800048828125,731529024,1708.5400390625,1738.4300537109375
2017-05-16 00:00:00,1734.449951171875,1741.699951171875,1785.93994140625,959044992,1686.5400390625,1734.449951171875
2017-05-17 00:00:00,1839.0899658203125,1726.72998046875,1864.050048828125,1064729984,1661.9100341796875,1839.0899658203125
2017-05-18 00:00:00,1888.6500244140625,1818.699951171875,1904.47998046875,894321024,1807.1199951171875,1888.6500244140625
2017-05-19 00:00:00,1987.7099609375,1897.3699951171875,2004.52001953125,1157289984,1890.25,1987.7099609375
2017-05-20 00:00:00,2084.72998046875,1984.239990234375,2084.72998046875,961336000,1974.9200439453125,2084.72998046875
2017-05-21 00:00:00,2041.199951171875,2067.030029296875,2119.080078125,1147859968,2037.5,2041.199951171875
2017-05-22 00:00:00,2173.39990234375,2043.18994140625,2303.89990234375,1942220032,2017.8699951171875,2173.39990234375
2017-05-23 00:00:00,2320.419921875,2191.56005859375,2320.820068359375,1378749952,2178.5,2320.419921875
2017-05-24 00:00:00,2443.639892578125,2321.3701171875,2523.719970703125,1725379968,2321.3701171875,2443.639892578125
2017-05-25 00:00:00,2304.97998046875,2446.239990234375,2763.7099609375,2406700032,2285.300048828125,2304.97998046875
2017-05-26 00:00:00,2202.419921875,2320.889892578125,2573.7900390625,1763480064,2071.989990234375,2202.419921875
2017-05-27 00:00:00,2038.8699951171875,2196.27001953125,2260.199951171875,1700480000,1855.8299560546875,2038.8699951171875
2017-05-28 00:00:00,2155.800048828125,2054.080078125,2267.340087890625,1147139968,2054.080078125,2155.800048828125
2017-05-29 00:00:00,2255.610107421875,2159.429931640625,2307.050048828125,994625024,2107.169921875,2255.610107421875
2017-05-30 00:00:00,2175.469970703125,2255.360107421875,2301.9599609375,1443970048,2124.570068359375,2175.469970703125
2017-05-31 00:00:00,2286.409912109375,2187.18994140625,2311.080078125,1544829952,2145.570068359375,2286.409912109375
2017-06-01 00:00:00,2407.8798828125,2288.330078125,2448.389892578125,1653180032,2288.330078125,2407.8798828125
2017-06-02 00:00:00,2488.550048828125,2404.030029296875,2488.550048828125,1317030016,2373.320068359375,2488.550048828125
2017-06-03 00:00:00,2515.35009765625,2493.719970703125,2581.909912109375,1514950016,2423.570068359375,2515.35009765625
2017-06-04 00:00:00,2511.81005859375,2547.7900390625,2585.889892578125,1355120000,2452.5400390625,2511.81005859375
2017-06-05 00:00:00,2686.81005859375,2512.39990234375,2686.81005859375,1369309952,2510.219970703125,2686.81005859375
2017-06-06 00:00:00,2863.199951171875,2690.840087890625,2999.909912109375,2089609984,2690.840087890625,2863.199951171875
2017-06-07 00:00:00,2732.159912109375,2869.3798828125,2869.3798828125,1517709952,2700.56005859375,2732.159912109375
2017-06-08 00:00:00,2805.6201171875,2720.489990234375,2815.300048828125,1281170048,2670.949951171875,2805.6201171875
2017-06-09 00:00:00,2823.81005859375,2807.43994140625,2901.7099609375,1348950016,2795.6201171875,2823.81005859375
2017-06-10 00:00:00,2947.7099609375,2828.139892578125,2950.989990234375,2018889984,2746.550048828125,2947.7099609375
2017-06-11 00:00:00,2958.110107421875,2942.409912109375,2996.60009765625,1752400000,2840.530029296875,2958.110107421875
2017-06-12 00:00:00,2659.6298828125,2953.219970703125,2997.260009765625,2569530112,2518.56005859375,2659.6298828125
2017-06-13 00:00:00,2717.02001953125,2680.909912109375,2789.0400390625,1781200000,2650.3798828125,2717.02001953125
2017-06-14 00:00:00,2506.3701171875,2716.8798828125,2786.830078125,1696560000,2412.93994140625,2506.3701171875
2017-06-15 00:00:00,2464.580078125,2499.580078125,2534.7099609375,2026259968,2212.9599609375,2464.580078125
2017-06-16 00:00:00,2518.56005859375,2469.570068359375,2539.919921875,1195190016,2385.14990234375,2518.56005859375
2017-06-17 00:00:00,2655.8798828125,2514.010009765625,2685.18994140625,1534509952,2484.9599609375,2655.8798828125
2017-06-18 00:00:00,2548.2900390625,2655.35009765625,2662.10009765625,1178659968,2516.330078125,2548.2900390625
2017-06-19 00:00:00,2589.60009765625,2549.030029296875,2662.85009765625,1446840064,2549.030029296875,2589.60009765625
2017-06-20 00:00:00,2721.7900390625,2591.260009765625,2763.449951171875,1854189952,2589.820068359375,2721.7900390625
2017-06-21 00:00:00,2689.10009765625,2709.429931640625,2772.010009765625,1626579968,2660.39990234375,2689.10009765625
2017-06-22 00:00:00,2705.409912109375,2691.030029296875,2723.739990234375,1097939968,2642.360107421875,2705.409912109375
2017-06-23 00:00:00,2744.909912109375,2707.340087890625,2765.169921875,961318976,2706.3701171875,2744.909912109375
2017-06-24 00:00:00,2608.719970703125,2738.52001953125,2757.93994140625,982750016,2583.18994140625,2608.719970703125
2017-06-25 00:00:00,2589.409912109375,2607.25,2682.260009765625,1161100032,2552.1201171875,2589.409912109375
2017-06-26 00:00:00,2478.449951171875,2590.570068359375,2615.25,1663280000,2376.2900390625,2478.449951171875
2017-06-27 00:00:00,2552.449951171875,2478.449951171875,2552.449951171875,1489789952,2332.989990234375,2552.449951171875
2017-06-28 00:00:00,2574.7900390625,2553.030029296875,2603.97998046875,1183869952,2484.419921875,2574.7900390625
2017-06-29 00:00:00,2539.320068359375,2567.56005859375,2588.830078125,949979008,2510.47998046875,2539.320068359375
2017-06-30 00:00:00,2480.840087890625,2539.239990234375,2559.25,860273024,2478.429931640625,2480.840087890625
2017-07-01 00:00:00,2434.550048828125,2492.60009765625,2515.27001953125,779913984,2419.22998046875,2434.550048828125
2017-07-02 00:00:00,2506.469970703125,2436.39990234375,2514.280029296875,803747008,2394.840087890625,2506.469970703125
2017-07-03 00:00:00,2564.06005859375,2498.56005859375,2595.0,964112000,2480.469970703125,2564.06005859375
2017-07-04 00:00:00,2601.639892578125,2561.0,2631.590087890625,985516032,2559.35009765625,2601.639892578125
2017-07-05 00:00:00,2601.989990234375,2602.8701171875,2622.64990234375,941566016,2538.550048828125,2601.989990234375
2017-07-06 00:00:00,2608.56005859375,2608.10009765625,2616.719970703125,761956992,2581.68994140625,2608.56005859375
2017-07-07 00:00:00,2518.659912109375,2608.590087890625,2916.139892578125,917411968,2498.8701171875,2518.659912109375
2017-07-08 00:00:00,2571.340087890625,2520.27001953125,2571.340087890625,733329984,2492.31005859375,2571.340087890625
2017-07-09 00:00:00,2518.43994140625,2572.610107421875,2635.489990234375,527856000,2517.590087890625,2518.43994140625
2017-07-10 00:00:00,2372.56005859375,2525.25,2537.159912109375,1111200000,2321.1298828125,2372.56005859375
2017-07-11 00:00:00,2337.7900390625,2385.889892578125,2413.469970703125,1329760000,2296.81005859375,2337.7900390625
2017-07-12 00:00:00,2398.840087890625,2332.77001953125,2423.7099609375,1117410048,2275.139892578125,2398.840087890625
2017-07-13 00:00:00,2357.89990234375,2402.699951171875,2425.219970703125,835769984,2340.830078125,2357.89990234375
2017-07-14 00:00:00,2233.340087890625,2360.590087890625,2363.25,882502976,2183.219970703125,2233.340087890625
2017-07-15 00:00:00,1998.8599853515625,2230.1201171875,2231.139892578125,993608000,1990.4100341796875,1998.8599853515625
2017-07-16 00:00:00,1929.8199462890625,1991.97998046875,2058.77001953125,1182870016,1843.030029296875,1929.8199462890625
2017-07-17 00:00:00,2228.409912109375,1932.6199951171875,2230.489990234375,1201760000,1932.6199951171875,2228.409912109375
2017-07-18 00:00:00,2318.8798828125,2233.52001953125,2387.610107421875,1512450048,2164.77001953125,2318.8798828125
2017-07-19 00:00:00,2273.429931640625,2323.080078125,2397.169921875,1245100032,2260.22998046875,2273.429931640625
2017-07-20 00:00:00,2817.60009765625,2269.889892578125,2900.699951171875,2249260032,2269.889892578125,2817.60009765625
2017-07-21 00:00:00,2667.760009765625,2838.409912109375,2838.409912109375,1489449984,2621.85009765625,2667.760009765625
2017-07-22 00:00:00,2810.1201171875,2668.6298828125,2862.419921875,1177129984,2657.7099609375,2810.1201171875
2017-07-23 00:00:00,2730.39990234375,2808.10009765625,2832.179931640625,1072840000,2653.93994140625,2730.39990234375
2017-07-24 00:00:00,2754.860107421875,2732.699951171875,2777.260009765625,866473984,2699.18994140625,2754.860107421875
2017-07-25 00:00:00,2576.47998046875,2757.5,2768.080078125,1460089984,2480.9599609375,2576.47998046875
2017-07-26 00:00:00,2529.449951171875,2577.77001953125,2610.760009765625,937404032,2450.800048828125,2529.449951171875
2017-07-27 00:00:00,2671.780029296875,2538.7099609375,2693.320068359375,789104000,2529.340087890625,2671.780029296875
2017-07-28 00:00:00,2809.010009765625,2679.72998046875,2897.449951171875,1380099968,2679.72998046875,2809.010009765625
2017-07-29 00:00:00,2726.449951171875,2807.02001953125,2808.760009765625,803745984,2692.800048828125,2726.449951171875
2017-07-30 00:00:00,2757.179931640625,2724.389892578125,2758.530029296875,705942976,2644.85009765625,2757.179931640625
2017-07-31 00:00:00,2875.340087890625,2763.239990234375,2889.6201171875,860574976,2720.610107421875,2875.340087890625
2017-08-01 00:00:00,2718.260009765625,2871.300048828125,2921.35009765625,1324669952,2685.610107421875,2718.260009765625
2017-08-02 00:00:00,2710.669921875,2727.1298828125,2762.530029296875,1094950016,2668.590087890625,2710.669921875
2017-08-03 00:00:00,2804.72998046875,2709.56005859375,2813.31005859375,804796992,2685.139892578125,2804.72998046875
2017-08-04 00:00:00,2895.889892578125,2806.929931640625,2899.330078125,1002120000,2743.719970703125,2895.889892578125
2017-08-05 00:00:00,3252.909912109375,2897.6298828125,3290.010009765625,1945699968,2874.830078125,3252.909912109375
2017-08-06 00:00:00,3213.93994140625,3257.610107421875,3293.2900390625,1105030016,3155.60009765625,3213.93994140625
2017-08-07 00:00:00,3378.93994140625,3212.780029296875,3397.679931640625,1482279936,3180.889892578125,3378.93994140625
2017-08-08 00:00:00,3419.93994140625,3370.219970703125,3484.85009765625,1752760064,3345.830078125,3419.93994140625
2017-08-09 00:00:00,3342.469970703125,3420.39990234375,3422.760009765625,1468960000,3247.669921875,3342.469970703125
2017-08-10 00:00:00,3381.280029296875,3341.840087890625,3453.449951171875,1515110016,3319.469970703125,3381.280029296875
2017-08-11 00:00:00,3650.6201171875,3373.820068359375,3679.719970703125,2021190016,3372.1201171875,3650.6201171875
2017-08-12 00:00:00,3884.7099609375,3650.6298828125,3949.919921875,2219589888,3613.699951171875,3884.7099609375
2017-08-13 00:00:00,4073.260009765625,3880.0400390625,4208.39013671875,3159089920,3857.800048828125,4073.260009765625
2017-08-14 00:00:00,4325.1298828125,4066.10009765625,4325.1298828125,2463089920,3989.159912109375,4325.1298828125
2017-08-15 00:00:00,4181.93017578125,4326.990234375,4455.97021484375,3258050048,3906.179931640625,4181.93017578125
2017-08-16 00:00:00,4376.6298828125,4200.33984375,4381.22998046875,2272039936,3994.419921875,4376.6298828125
2017-08-17 00:00:00,4331.68994140625,4384.43994140625,4484.7001953125,2553359872,4243.7099609375,4331.68994140625
2017-08-18 00:00:00,4160.6201171875,4324.33984375,4370.1298828125,2941710080,4015.39990234375,4160.6201171875
2017-08-19 00:00:00,4193.7001953125,4137.75,4243.259765625,2975820032,3970.550048828125,4193.7001953125
2017-08-20 00:00:00,4087.659912109375,4189.31005859375,4196.2900390625,2109769984,4069.8798828125,4087.659912109375
2017-08-21 00:00:00,4001.739990234375,4090.47998046875,4109.14013671875,2800890112,3988.60009765625,4001.739990234375
2017-08-22 00:00:00,4100.52001953125,3998.35009765625,4128.759765625,3764239872,3674.580078125,4100.52001953125
2017-08-23 00:00:00,4151.52001953125,4089.010009765625,4255.77978515625,2369819904,4078.409912109375,4151.52001953125
2017-08-24 00:00:00,4334.68017578125,4137.60009765625,4376.39013671875,2037750016,4130.259765625,4334.68017578125
2017-08-25 00:00:00,4371.60009765625,4332.81982421875,4455.7001953125,1727970048,4307.35009765625,4371.60009765625
2017-08-26 00:00:00,4352.39990234375,4372.06005859375,4379.27978515625,1511609984,4269.52001953125,4352.39990234375
2017-08-27 00:00:00,4382.8798828125,4345.10009765625,4416.58984375,1537459968,4317.2900390625,4382.8798828125
2017-08-28 00:00:00,4382.66015625,4384.4501953125,4403.93017578125,1959330048,4224.64013671875,4382.66015625
2017-08-29 00:00:00,4579.02001953125,4389.2099609375,4625.68017578125,2486080000,4352.1298828125,4579.02001953125
2017-08-30 00:00:00,4565.2998046875,4570.35986328125,4626.52001953125,1937849984,4471.41015625,4565.2998046875
2017-08-31 00:00:00,4703.39013671875,4555.58984375,4736.0498046875,1944930048,4549.39990234375,4703.39013671875
2017-09-01 00:00:00,4892.009765625,4701.759765625,4892.009765625,2599079936,4678.52978515625,4892.009765625
2017-09-02 00:00:00,4578.77001953125,4901.419921875,4975.0400390625,2722139904,4469.240234375,4578.77001953125
2017-09-03 00:00:00,4582.9599609375,4585.27001953125,4714.080078125,1933190016,4417.58984375,4582.9599609375
2017-09-04 00:00:00,4236.31005859375,4591.6298828125,4591.6298828125,2987330048,4108.39990234375,4236.31005859375
2017-09-05 00:00:00,4376.52978515625,4228.2900390625,4427.83984375,2697969920,3998.110107421875,4376.52978515625
2017-09-06 00:00:00,4597.1201171875,4376.58984375,4617.25,2172100096,4376.58984375,4597.1201171875
2017-09-07 00:00:00,4599.8798828125,4589.14013671875,4655.0400390625,1844620032,4491.330078125,4599.8798828125
2017-09-08 00:00:00,4228.75,4605.16015625,4661.0,2700890112,4075.179931640625,4228.75
2017-09-09 00:00:00,4226.06005859375,4229.81005859375,4308.81982421875,1386230016,4114.10986328125,4226.06005859375
2017-09-10 00:00:00,4122.93994140625,4229.33984375,4245.43994140625,1679090048,3951.0400390625,4122.93994140625
2017-09-11 00:00:00,4161.27001953125,4122.47021484375,4261.669921875,1557330048,4099.39990234375,4161.27001953125
2017-09-12 00:00:00,4130.81005859375,4168.8798828125,4344.64990234375,1864530048,4085.219970703125,4130.81005859375
2017-09-13 00:00:00,3882.590087890625,4131.97998046875,4131.97998046875,2219409920,3789.919921875,3882.590087890625
2017-09-14 00:00:00,3154.949951171875,3875.3701171875,3920.60009765625,2716310016,3153.860107421875,3154.949951171875
2017-09-15 00:00:00,3637.52001953125,3166.300048828125,3733.449951171875,4148069888,2946.6201171875,3637.52001953125
2017-09-16 00:00:00,3625.0400390625,3637.75,3808.840087890625,1818400000,3487.7900390625,3625.0400390625
2017-09-17 00:00:00,3582.8798828125,3606.280029296875,3664.81005859375,1239149952,3445.639892578125,3582.8798828125
2017-09-18 00:00:00,4065.199951171875,3591.090087890625,4079.22998046875,1943209984,3591.090087890625,4065.199951171875
2017-09-19 00:00:00,3924.969970703125,4073.7900390625,4094.070068359375,1563980032,3868.8701171875,3924.969970703125
2017-09-20 00:00:00,3905.949951171875,3916.360107421875,4031.389892578125,1213830016,3857.72998046875,3905.949951171875
2017-09-21 00:00:00,3631.0400390625,3901.469970703125,3916.419921875,1411480064,3613.6298828125,3631.0400390625
2017-09-22 00:00:00,3630.699951171875,3628.02001953125,3758.27001953125,1194829952,3553.530029296875,3630.699951171875
2017-09-23 00:00:00,3792.39990234375,3629.919921875,3819.2099609375,928113984,3594.580078125,3792.39990234375
2017-09-24 00:00:00,3682.840087890625,3796.14990234375,3796.14990234375,768014976,3666.89990234375,3682.840087890625
2017-09-25 00:00:00,3926.070068359375,3681.580078125,3950.25,1374210048,3681.580078125,3926.070068359375
2017-09-26 00:00:00,3892.35009765625,3928.409912109375,3969.889892578125,1043740032,3869.89990234375,3892.35009765625
2017-09-27 00:00:00,4200.669921875,3892.93994140625,4210.0498046875,1686880000,3884.820068359375,4200.669921875
2017-09-28 00:00:00,4174.72998046875,4197.1298828125,4279.31005859375,1712320000,4109.7001953125,4174.72998046875
2017-09-29 00:00:00,4163.06982421875,4171.6201171875,4214.6298828125,1367049984,4039.2900390625,4163.06982421875
2017-09-30 00:00:00,4338.7099609375,4166.10986328125,4358.43017578125,1207449984,4160.85986328125,4338.7099609375
2017-10-01 00:00:00,4403.740234375,4341.0498046875,4403.740234375,1208210048,4269.81005859375,4403.740234375
2017-10-02 00:00:00,4409.31982421875,4395.81005859375,4470.22998046875,1431730048,4377.4599609375,4409.31982421875
2017-10-03 00:00:00,4317.47998046875,4408.4599609375,4432.47021484375,1288019968,4258.89013671875,4317.47998046875
2017-10-04 00:00:00,4229.35986328125,4319.3701171875,4352.31005859375,1116770048,4210.419921875,4229.35986328125
2017-10-05 00:00:00,4328.41015625,4229.8798828125,4362.64013671875,1161769984,4164.0498046875,4328.41015625
2017-10-06 00:00:00,4370.81005859375,4324.4599609375,4413.27001953125,1069939968,4320.52978515625,4370.81005859375
2017-10-07 00:00:00,4426.89013671875,4369.35009765625,4443.8798828125,906928000,4321.0498046875,4426.89013671875
2017-10-08 00:00:00,4610.47998046875,4429.669921875,4624.14013671875,1313869952,4405.64013671875,4610.47998046875
2017-10-09 00:00:00,4772.02001953125,4614.52001953125,4878.7099609375,1968739968,4564.25,4772.02001953125
2017-10-10 00:00:00,4781.990234375,4776.2099609375,4922.169921875,1597139968,4765.10009765625,4781.990234375
2017-10-11 00:00:00,4826.47998046875,4789.25,4873.72998046875,1222279936,4751.6298828125,4826.47998046875
2017-10-12 00:00:00,5446.91015625,4829.580078125,5446.91015625,2791610112,4822.0,5446.91015625
2017-10-13 00:00:00,5647.2099609375,5464.16015625,5840.2998046875,3615480064,5436.85009765625,5647.2099609375
2017-10-14 00:00:00,5831.7900390625,5643.52978515625,5837.7001953125,1669030016,5591.64013671875,5831.7900390625
2017-10-15 00:00:00,5678.18994140625,5835.9599609375,5852.47998046875,1976039936,5478.60986328125,5678.18994140625
2017-10-16 00:00:00,5725.58984375,5687.56982421875,5776.22998046875,2008070016,5544.2099609375,5725.58984375
2017-10-17 00:00:00,5605.509765625,5741.580078125,5800.35009765625,1821570048,5472.72021484375,5605.509765625
2017-10-18 00:00:00,5590.68994140625,5603.81982421875,5603.81982421875,2399269888,5151.43994140625,5590.68994140625
2017-10-19 00:00:00,5708.52001953125,5583.740234375,5744.35009765625,1780540032,5531.06005859375,5708.52001953125
2017-10-20 00:00:00,6011.4501953125,5708.10986328125,6060.10986328125,2354429952,5627.22998046875,6011.4501953125
2017-10-21 00:00:00,6031.60009765625,5996.7900390625,6194.8798828125,2207099904,5965.06982421875,6031.60009765625
2017-10-22 00:00:00,6008.419921875,6036.66015625,6076.259765625,2034630016,5792.33984375,6008.419921875
2017-10-23 00:00:00,5930.31982421875,6006.0,6075.58984375,2401840128,5732.47021484375,5930.31982421875
2017-10-24 00:00:00,5526.64013671875,5935.52001953125,5935.52001953125,2735699968,5504.18017578125,5526.64013671875
2017-10-25 00:00:00,5750.7998046875,5524.60009765625,5754.330078125,1966989952,5397.8798828125,5750.7998046875
2017-10-26 00:00:00,5904.830078125,5747.9501953125,5976.7998046875,1905040000,5721.22021484375,5904.830078125
2017-10-27 00:00:00,5780.89990234375,5899.740234375,5988.39013671875,1710130048,5728.81982421875,5780.89990234375
2017-10-28 00:00:00,5753.08984375,5787.81982421875,5876.72021484375,1403920000,5689.18994140625,5753.08984375
2017-10-29 00:00:00,6153.85009765625,5754.43994140625,6255.7099609375,2859040000,5724.580078125,6153.85009765625
2017-10-30 00:00:00,6130.52978515625,6114.85009765625,6214.990234375,1772150016,6040.85009765625,6130.52978515625
2017-10-31 00:00:00,6468.39990234375,6132.02001953125,6470.43017578125,2311379968,6103.330078125,6468.39990234375
2017-11-01 00:00:00,6767.31005859375,6440.97021484375,6767.31005859375,2870320128,6377.8798828125,6767.31005859375
2017-11-02 00:00:00,7078.5,6777.77001953125,7367.330078125,4653770240,6758.72021484375,7078.5
2017-11-03 00:00:00,7207.759765625,7087.52978515625,7461.2900390625,3369860096,7002.93994140625,7207.759765625
2017-11-04 00:00:00,7379.9501953125,7164.47998046875,7492.85986328125,2483800064,7031.27978515625,7379.9501953125
2017-11-05 00:00:00,7407.41015625,7404.52001953125,7617.47998046875,2380410112,7333.18994140625,7407.41015625
2017-11-06 00:00:00,7022.759765625,7403.22021484375,7445.77001953125,3111899904,7007.31005859375,7022.759765625
2017-11-07 00:00:00,7144.3798828125,7023.10009765625,7253.31982421875,2326340096,7023.10009765625,7144.3798828125
2017-11-08 00:00:00,7459.68994140625,7141.3798828125,7776.419921875,4602200064,7114.02001953125,7459.68994140625
2017-11-09 00:00:00,7143.580078125,7446.830078125,7446.830078125,3226249984,7101.52001953125,7143.580078125
2017-11-10 00:00:00,6618.14013671875,7173.72998046875,7312.0,5208249856,6436.8701171875,6618.14013671875
2017-11-11 00:00:00,6357.60009765625,6618.60986328125,6873.14990234375,4908680192,6204.22021484375,6357.60009765625
2017-11-12 00:00:00,5950.06982421875,6295.4501953125,6625.0498046875,8957349888,5519.009765625,5950.06982421875
2017-11-13 00:00:00,6559.490234375,5938.25,6811.18994140625,6263249920,5844.2900390625,6559.490234375
2017-11-14 00:00:00,6635.75,6561.47998046875,6764.97998046875,3197110016,6461.75,6635.75
2017-11-15 00:00:00,7315.5400390625,6634.759765625,7342.25,4200880128,6634.759765625,7315.5400390625
2017-11-16 00:00:00,7871.68994140625,7323.240234375,7967.3798828125,5123809792,7176.580078125,7871.68994140625
2017-11-17 00:00:00,7708.990234375,7853.56982421875,8004.58984375,4651670016,7561.08984375,7708.990234375
2017-11-18 00:00:00,7790.14990234375,7697.2099609375,7884.990234375,3667190016,7463.43994140625,7790.14990234375
2017-11-19 00:00:00,8036.490234375,7766.02978515625,8101.91015625,3149319936,7694.10009765625,8036.490234375
2017-11-20 00:00:00,8200.6396484375,8039.06982421875,8336.8603515625,3488450048,7949.35986328125,8200.6396484375
2017-11-21 00:00:00,8071.259765625,8205.740234375,8348.66015625,4277609984,7762.7099609375,8071.259765625
2017-11-22 00:00:00,8253.5498046875,8077.9501953125,8302.259765625,3633530112,8075.47021484375,8253.5498046875
2017-11-23 00:00:00,8038.77001953125,8232.3798828125,8267.400390625,4225179904,8038.77001953125,8038.77001953125
2017-11-24 00:00:00,8253.6904296875,8074.02001953125,8374.16015625,5058610176,7940.93017578125,8253.6904296875
2017-11-25 00:00:00,8790.919921875,8241.7099609375,8790.919921875,4342060032,8191.14990234375,8790.919921875
2017-11-26 00:00:00,9330.5498046875,8789.0400390625,9522.9296875,5475579904,8775.58984375,9330.5498046875
2017-11-27 00:00:00,9818.349609375,9352.7197265625,9818.349609375,5653320192,9352.7197265625,9818.349609375
2017-11-28 00:00:00,10058.7998046875,9823.4296875,10125.7001953125,6348819968,9736.2998046875,10058.7998046875
2017-11-29 00:00:00,9888.6103515625,10077.400390625,11517.400390625,11568799744,9601.0302734375,9888.6103515625
2017-11-30 00:00:00,10233.599609375,9906.7900390625,10801.0,8310689792,9202.0498046875,10233.599609375
2017-12-01 00:00:00,10975.599609375,10198.599609375,11046.7001953125,6783119872,9694.650390625,10975.599609375
2017-12-02 00:00:00,11074.599609375,10978.2998046875,11320.2001953125,5138500096,10905.099609375,11074.599609375
2017-12-03 00:00:00,11323.2001953125,11082.7001953125,11858.7001953125,6608309760,10862.0,11323.2001953125
2017-12-04 00:00:00,11657.2001953125,11315.400390625,11657.2001953125,6132409856,11081.7998046875,11657.2001953125
2017-12-05 00:00:00,11916.7001953125,11685.7001953125,12032.0,6895260160,11604.599609375,11916.7001953125
2017-12-06 00:00:00,14291.5,11923.400390625,14369.099609375,12656300032,11923.400390625,14291.5
2017-12-07 00:00:00,17899.69921875,14266.099609375,17899.69921875,17950699520,14057.2998046875,17899.69921875
2017-12-08 00:00:00,16569.400390625,17802.900390625,18353.400390625,21135998976,14336.900390625,16569.400390625
2017-12-09 00:00:00,15178.2001953125,16523.30078125,16783.0,13911300096,13674.900390625,15178.2001953125
2017-12-10 00:00:00,15455.400390625,15168.400390625,15850.599609375,13433299968,13226.599609375,15455.400390625
2017-12-11 00:00:00,16936.80078125,15427.400390625,17513.900390625,12153900032,15404.7998046875,16936.80078125
2017-12-12 00:00:00,17415.400390625,16919.80078125,17781.80078125,14603799552,16571.599609375,17415.400390625
2017-12-13 00:00:00,16408.19921875,17500.0,17653.099609375,12976900096,16039.7001953125,16408.19921875
2017-12-14 00:00:00,16564.0,16384.599609375,17085.80078125,13777399808,16185.900390625,16564.0
2017-12-15 00:00:00,17706.900390625,16601.30078125,18154.099609375,14309999616,16601.30078125,17706.900390625
2017-12-16 00:00:00,19497.400390625,17760.30078125,19716.69921875,12740599808,17515.30078125,19497.400390625
2017-12-17 00:00:00,19140.80078125,19475.80078125,20089.0,13314599936,18974.099609375,19140.80078125
2017-12-18 00:00:00,19114.19921875,19106.400390625,19371.0,14839499776,18355.900390625,19114.19921875
2017-12-19 00:00:00,17776.69921875,19118.30078125,19177.80078125,16894499840,17275.400390625,17776.69921875
2017-12-20 00:00:00,16624.599609375,17760.30078125,17934.69921875,22149699584,16077.7001953125,16624.599609375
2017-12-21 00:00:00,15802.900390625,16642.400390625,17567.69921875,16516599808,15342.7001953125,15802.900390625
2017-12-22 00:00:00,13831.7998046875,15898.0,15943.400390625,22197999616,11833.0,13831.7998046875
2017-12-23 00:00:00,14699.2001953125,13948.7001953125,15603.2001953125,13086000128,13828.7998046875,14699.2001953125
2017-12-24 00:00:00,13925.7998046875,14608.2001953125,14626.0,11572299776,12747.7001953125,13925.7998046875
2017-12-25 00:00:00,14026.599609375,13995.900390625,14593.0,10664699904,13448.900390625,14026.599609375
2017-12-26 00:00:00,16099.7998046875,14036.599609375,16461.19921875,13454300160,14028.900390625,16099.7998046875
2017-12-27 00:00:00,15838.5,16163.5,16930.900390625,12487600128,15114.2998046875,15838.5
2017-12-28 00:00:00,14606.5,15864.099609375,15888.400390625,12336499712,13937.2998046875,14606.5
2017-12-29 00:00:00,14656.2001953125,14695.7998046875,15279.0,13025500160,14307.0,14656.2001953125
2017-12-30 00:00:00,12952.2001953125,14681.900390625,14681.900390625,14452599808,12350.099609375,12952.2001953125
2017-12-31 00:00:00,14156.400390625,12897.7001953125,14377.400390625,12136299520,12755.599609375,14156.400390625
2018-01-01 00:00:00,13657.2001953125,14112.2001953125,14112.2001953125,10291200000,13154.7001953125,13657.2001953125
2018-01-02 00:00:00,14982.099609375,13625.0,15444.599609375,16846600192,13163.599609375,14982.099609375
2018-01-03 00:00:00,15201.0,14978.2001953125,15572.7998046875,16871900160,14844.5,15201.0
2018-01-04 00:00:00,15599.2001953125,15270.7001953125,15739.7001953125,21783199744,14522.2001953125,15599.2001953125
2018-01-05 00:00:00,17429.5,15477.2001953125,17705.19921875,23840899072,15202.7998046875,17429.5
2018-01-06 00:00:00,17527.0,17462.099609375,17712.400390625,18314600448,16764.599609375,17527.0
2018-01-07 00:00:00,16477.599609375,17527.30078125,17579.599609375,15866000384,16087.7001953125,16477.599609375
2018-01-08 00:00:00,15170.099609375,16476.19921875,16537.900390625,18413899776,14208.2001953125,15170.099609375
2018-01-09 00:00:00,14595.400390625,15123.7001953125,15497.5,16659999744,14424.0,14595.400390625
2018-01-10 00:00:00,14973.2998046875,14588.5,14973.2998046875,18500800512,13691.2001953125,14973.2998046875
2018-01-11 00:00:00,13405.7998046875,14968.2001953125,15018.7998046875,16534099968,13105.900390625,13405.7998046875
2018-01-12 00:00:00,13980.599609375,13453.900390625,14229.900390625,12065699840,13158.099609375,13980.599609375
2018-01-13 00:00:00,14360.2001953125,13952.400390625,14659.5,12763599872,13952.400390625,14360.2001953125
2018-01-14 00:00:00,13772.0,14370.7998046875,14511.7998046875,11084099584,13268.0,13772.0
2018-01-15 00:00:00,13819.7998046875,13767.2998046875,14445.5,12750799872,13641.7001953125,13819.7998046875
2018-01-16 00:00:00,11490.5,13836.099609375,13843.099609375,18853799936,10194.900390625,11490.5
2018-01-17 00:00:00,11188.599609375,11431.099609375,11678.0,18830600192,9402.2900390625,11188.599609375
2018-01-18 00:00:00,11474.900390625,11198.7998046875,12107.2998046875,15020399616,10942.5,11474.900390625
2018-01-19 00:00:00,11607.400390625,11429.7998046875,11992.7998046875,10740400128,11172.099609375,11607.400390625
2018-01-20 00:00:00,12899.2001953125,11656.2001953125,13103.0,11801700352,11656.2001953125,12899.2001953125
2018-01-21 00:00:00,11600.099609375,12889.2001953125,12895.900390625,9935179776,11288.2001953125,11600.099609375
2018-01-22 00:00:00,10931.400390625,11633.099609375,11966.400390625,10537400320,10240.2001953125,10931.400390625
2018-01-23 00:00:00,10868.400390625,10944.5,11377.599609375,9660609536,10129.7001953125,10868.400390625
2018-01-24 00:00:00,11359.400390625,10903.400390625,11501.400390625,9940989952,10639.7998046875,11359.400390625
2018-01-25 00:00:00,11259.400390625,11421.7001953125,11785.7001953125,8873169920,11057.400390625,11259.400390625
2018-01-26 00:00:00,11171.400390625,11256.0,11656.7001953125,9746199552,10470.2998046875,11171.400390625
2018-01-27 00:00:00,11440.7001953125,11174.900390625,11614.900390625,7583269888,10989.2001953125,11440.7001953125
2018-01-28 00:00:00,11786.2998046875,11475.2998046875,12040.2998046875,8350360064,11475.2998046875,11786.2998046875
2018-01-29 00:00:00,11296.400390625,11755.5,11875.599609375,7107359744,11179.2001953125,11296.400390625
2018-01-30 00:00:00,10106.2998046875,11306.7998046875,11307.2001953125,8637859840,10036.2001953125,10106.2998046875
2018-01-31 00:00:00,10221.099609375,10108.2001953125,10381.599609375,8041160192,9777.419921875,10221.099609375
2018-02-01 00:00:00,9170.5400390625,10237.2998046875,10288.7998046875,9959400448,8812.2802734375,9170.5400390625
2018-02-02 00:00:00,8830.75,9142.2802734375,9142.2802734375,12726899712,7796.490234375,8830.75
2018-02-03 00:00:00,9174.91015625,8852.1201171875,9430.75,7263790080,8251.6298828125,9174.91015625
2018-02-04 00:00:00,8277.009765625,9175.7001953125,9334.8701171875,7073549824,8031.22021484375,8277.009765625
2018-02-05 00:00:00,6955.27001953125,8270.5400390625,8364.83984375,9285289984,6756.68017578125,6955.27001953125
2018-02-06 00:00:00,7754.0,7051.75,7850.7001953125,13999800320,6048.259765625,7754.0
2018-02-07 00:00:00,7621.2998046875,7755.490234375,8509.1103515625,9169280000,7236.7900390625,7621.2998046875
2018-02-08 00:00:00,8265.58984375,7637.85986328125,8558.76953125,9346750464,7637.85986328125,8265.58984375
2018-02-09 00:00:00,8736.98046875,8271.83984375,8736.98046875,6784820224,7884.7099609375,8736.98046875
2018-02-10 00:00:00,8621.900390625,8720.080078125,9122.5498046875,7780960256,8295.4697265625,8621.900390625
2018-02-11 00:00:00,8129.97021484375,8616.1298828125,8616.1298828125,6122189824,7931.10009765625,8129.97021484375
2018-02-12 00:00:00,8926.5703125,8141.43017578125,8985.919921875,6256439808,8141.43017578125,8926.5703125
2018-02-13 00:00:00,8598.3095703125,8926.7197265625,8958.4697265625,5696719872,8455.41015625,8598.3095703125
2018-02-14 00:00:00,9494.6298828125,8599.919921875,9518.5400390625,7909819904,8599.919921875,9494.6298828125
2018-02-15 00:00:00,10166.400390625,9488.3203125,10234.7998046875,9062540288,9395.580078125,10166.400390625
2018-02-16 00:00:00,10233.900390625,10135.7001953125,10324.099609375,7296159744,9824.8203125,10233.900390625
2018-02-17 00:00:00,11112.7001953125,10207.5,11139.5,8660880384,10149.400390625,11112.7001953125
2018-02-18 00:00:00,10551.7998046875,11123.400390625,11349.7998046875,8744009728,10326.0,10551.7998046875
2018-02-19 00:00:00,11225.2998046875,10552.599609375,11273.7998046875,7652089856,10513.2001953125,11225.2998046875
2018-02-20 00:00:00,11403.7001953125,11231.7998046875,11958.5,9926540288,11231.7998046875,11403.7001953125
2018-02-21 00:00:00,10690.400390625,11372.2001953125,11418.5,9405339648,10479.099609375,10690.400390625
2018-02-22 00:00:00,10005.0,10660.400390625,11039.099609375,8040079872,9939.08984375,10005.0
2018-02-23 00:00:00,10301.099609375,9937.0703125,10487.2998046875,7739500032,9734.5595703125,10301.099609375
2018-02-24 00:00:00,9813.0703125,10287.7001953125,10597.2001953125,6917929984,9546.9697265625,9813.0703125
2018-02-25 00:00:00,9664.73046875,9796.419921875,9923.2197265625,5706939904,9407.0595703125,9664.73046875
2018-02-26 00:00:00,10366.7001953125,9669.4296875,10475.0,7287690240,9501.73046875,10366.7001953125
2018-02-27 00:00:00,10725.599609375,10393.900390625,10878.5,6966179840,10246.099609375,10725.599609375
2018-02-28 00:00:00,10397.900390625,10687.2001953125,11089.7998046875,6936189952,10393.099609375,10397.900390625
2018-03-01 00:00:00,10951.0,10385.0,11052.2998046875,7317279744,10352.7001953125,10951.0
2018-03-02 00:00:00,11086.400390625,10977.400390625,11189.0,7620590080,10850.099609375,11086.400390625
2018-03-03 00:00:00,11489.7001953125,11101.900390625,11528.2001953125,6690570240,11002.400390625,11489.7001953125
2018-03-04 00:00:00,11512.599609375,11497.400390625,11512.599609375,6084149760,11136.099609375,11512.599609375
2018-03-05 00:00:00,11573.2998046875,11532.400390625,11704.099609375,6468539904,11443.900390625,11573.2998046875
2018-03-06 00:00:00,10779.900390625,11500.099609375,11500.099609375,6832169984,10694.2998046875,10779.900390625
2018-03-07 00:00:00,9965.5703125,10803.900390625,10929.5,8797910016,9692.1201171875,9965.5703125
2018-03-08 00:00:00,9395.009765625,9951.4404296875,10147.400390625,7186089984,9335.8701171875,9395.009765625
2018-03-09 00:00:00,9337.5498046875,9414.6904296875,9466.349609375,8704190464,8513.0302734375,9337.5498046875
2018-03-10 00:00:00,8866.0,9350.58984375,9531.3203125,5386319872,8828.4697265625,8866.0
2018-03-11 00:00:00,9578.6298828125,8852.7802734375,9711.8896484375,6296370176,8607.1201171875,9578.6298828125
2018-03-12 00:00:00,9205.1201171875,9602.9296875,9937.5,6457399808,8956.4296875,9205.1201171875
2018-03-13 00:00:00,9194.849609375,9173.0400390625,9470.3798828125,5991139840,8958.1904296875,9194.849609375
2018-03-14 00:00:00,8269.8095703125,9214.650390625,9355.849609375,6438230016,8068.58984375,8269.8095703125
2018-03-15 00:00:00,8300.8603515625,8290.759765625,8428.349609375,6834429952,7783.0498046875,8300.8603515625
2018-03-16 00:00:00,8338.349609375,8322.91015625,8585.150390625,5289379840,8005.31005859375,8338.349609375
2018-03-17 00:00:00,7916.8798828125,8321.91015625,8346.5302734375,4426149888,7812.81982421875,7916.8798828125
2018-03-18 00:00:00,8223.6796875,7890.52001953125,8245.509765625,6639190016,7397.990234375,8223.6796875
2018-03-19 00:00:00,8630.650390625,8344.1201171875,8675.8701171875,6729110016,8182.39990234375,8630.650390625
2018-03-20 00:00:00,8913.4697265625,8619.669921875,9051.01953125,6361789952,8389.8896484375,8913.4697265625
2018-03-21 00:00:00,8929.2802734375,8937.48046875,9177.3701171875,6043129856,8846.330078125,8929.2802734375
2018-03-22 00:00:00,8728.4697265625,8939.4404296875,9100.7099609375,5530390016,8564.900390625,8728.4697265625
2018-03-23 00:00:00,8879.6201171875,8736.25,8879.6201171875,5954120192,8360.6201171875,8879.6201171875
2018-03-24 00:00:00,8668.1201171875,8901.9501953125,8996.1796875,5664600064,8665.7001953125,8668.1201171875
2018-03-25 00:00:00,8495.7802734375,8612.8095703125,8682.009765625,4569880064,8449.099609375,8495.7802734375
2018-03-26 00:00:00,8209.400390625,8498.4697265625,8530.080078125,5921039872,7921.43017578125,8209.400390625
2018-03-27 00:00:00,7833.0400390625,8200.0,8232.7802734375,5378250240,7797.27978515625,7833.0400390625
2018-03-28 00:00:00,7954.47998046875,7836.830078125,8122.89013671875,4935289856,7809.169921875,7954.47998046875
2018-03-29 00:00:00,7165.7001953125,7979.06982421875,7994.330078125,6361229824,7081.3798828125,7165.7001953125
2018-03-30 00:00:00,6890.52001953125,7171.4501953125,7276.66015625,6289509888,6683.93017578125,6890.52001953125
2018-03-31 00:00:00,6973.52978515625,6892.47998046875,7207.85009765625,4553269760,6863.52001953125,6973.52978515625
2018-04-01 00:00:00,6844.22998046875,7003.06005859375,7060.9501953125,4532100096,6526.8701171875,6844.22998046875
2018-04-02 00:00:00,7083.7998046875,6844.85986328125,7135.47021484375,4333440000,6816.580078125,7083.7998046875
2018-04-03 00:00:00,7456.10986328125,7102.259765625,7530.93994140625,5499700224,7072.490234375,7456.10986328125
2018-04-04 00:00:00,6853.83984375,7456.41015625,7469.8798828125,4936000000,6803.8798828125,6853.83984375
2018-04-05 00:00:00,6811.47021484375,6848.64990234375,6933.81982421875,5639320064,6644.7998046875,6811.47021484375
2018-04-06 00:00:00,6636.31982421875,6815.9599609375,6857.490234375,3766810112,6575.0,6636.31982421875
2018-04-07 00:00:00,6911.08984375,6630.509765625,7050.5400390625,3976610048,6630.509765625,6911.08984375
2018-04-08 00:00:00,7023.52001953125,6919.97998046875,7111.56005859375,3652499968,6919.97998046875,7023.52001953125
2018-04-09 00:00:00,6770.72998046875,7044.31982421875,7178.10986328125,4894060032,6661.990234375,6770.72998046875
2018-04-10 00:00:00,6834.759765625,6795.43994140625,6872.41015625,4272750080,6704.14990234375,6834.759765625
2018-04-11 00:00:00,6968.31982421875,6843.47021484375,6968.31982421875,4641889792,6817.58984375,6968.31982421875
2018-04-12 00:00:00,7889.25,6955.3798828125,7899.22998046875,8906250240,6806.509765625,7889.25
2018-04-13 00:00:00,7895.9599609375,7901.08984375,8183.9599609375,7764460032,7758.93017578125,7895.9599609375
2018-04-14 00:00:00,7986.240234375,7874.669921875,8140.7099609375,5191430144,7846.0,7986.240234375
2018-04-15 00:00:00,8329.1103515625,7999.330078125,8338.419921875,5244480000,7999.330078125,8329.1103515625
2018-04-16 00:00:00,8058.669921875,8337.5703125,8371.150390625,5631309824,7925.72998046875,8058.669921875
2018-04-17 00:00:00,7902.08984375,8071.66015625,8285.9599609375,6900879872,7881.72021484375,7902.08984375
2018-04-18 00:00:00,8163.419921875,7944.43017578125,8197.7998046875,6529909760,7886.009765625,8163.419921875
2018-04-19 00:00:00,8294.3095703125,8159.27001953125,8298.6904296875,7063209984,8138.77978515625,8294.3095703125
2018-04-20 00:00:00,8845.830078125,8286.8798828125,8880.23046875,8438110208,8244.5400390625,8845.830078125
2018-04-21 00:00:00,8895.580078125,8848.7900390625,8997.5703125,7548550144,8652.150390625,8895.580078125
2018-04-22 00:00:00,8802.4599609375,8925.0595703125,9001.6396484375,6629899776,8779.6103515625,8802.4599609375
2018-04-23 00:00:00,8930.8798828125,8794.3896484375,8958.5498046875,6925190144,8788.8095703125,8930.8798828125
2018-04-24 00:00:00,9697.5,8934.33984375,9732.6103515625,10678800384,8927.830078125,9697.5
2018-04-25 00:00:00,8845.740234375,9701.0302734375,9745.3203125,11083100160,8799.83984375,8845.740234375
2018-04-26 00:00:00,9281.509765625,8867.3203125,9281.509765625,8970559488,8727.08984375,9281.509765625
2018-04-27 00:00:00,8987.0498046875,9290.6298828125,9375.4697265625,7566289920,8987.0498046875,8987.0498046875
2018-04-28 00:00:00,9348.48046875,8939.26953125,9412.08984375,7805479936,8931.990234375,9348.48046875
2018-04-29 00:00:00,9419.080078125,9346.41015625,9531.490234375,8853000192,9193.7099609375,9419.080078125
2018-04-30 00:00:00,9240.5498046875,9426.1103515625,9477.1396484375,8673920000,9166.8095703125,9240.5498046875
2018-05-01 00:00:00,9119.009765625,9251.4697265625,9255.8798828125,7713019904,8891.0498046875,9119.009765625
2018-05-02 00:00:00,9235.919921875,9104.599609375,9256.51953125,7558159872,9015.1396484375,9235.919921875
2018-05-03 00:00:00,9743.8603515625,9233.9697265625,9798.330078125,10207299584,9188.150390625,9743.8603515625
2018-05-04 00:00:00,9700.759765625,9695.5,9779.2001953125,8217829888,9585.9599609375,9700.759765625
2018-05-05 00:00:00,9858.150390625,9700.2802734375,9964.5,7651939840,9695.1201171875,9858.150390625
2018-05-06 00:00:00,9654.7998046875,9845.3095703125,9940.1396484375,7222280192,9465.25,9654.7998046875
2018-05-07 00:00:00,9373.009765625,9645.669921875,9665.849609375,7394019840,9231.5302734375,9373.009765625
2018-05-08 00:00:00,9234.8203125,9380.8701171875,9462.75,7415869952,9127.76953125,9234.8203125
2018-05-09 00:00:00,9325.1796875,9223.73046875,9374.759765625,7226890240,9031.6201171875,9325.1796875
2018-05-10 00:00:00,9043.9404296875,9325.9599609375,9396.0400390625,6906699776,9040.51953125,9043.9404296875
2018-05-11 00:00:00,8441.490234375,9052.9599609375,9052.9599609375,8488520192,8394.4599609375,8441.490234375
2018-05-12 00:00:00,8504.8896484375,8441.4404296875,8664.8603515625,6821380096,8223.5,8504.8896484375
2018-05-13 00:00:00,8723.9404296875,8515.490234375,8773.5498046875,5866379776,8395.1201171875,8723.9404296875
2018-05-14 00:00:00,8716.7900390625,8713.099609375,8881.1201171875,7364149760,8367.9697265625,8716.7900390625
2018-05-15 00:00:00,8510.3798828125,8705.1904296875,8836.1904296875,6705710080,8456.4501953125,8510.3798828125
2018-05-16 00:00:00,8368.830078125,8504.41015625,8508.4296875,6760220160,8175.490234375,8368.830078125
2018-05-17 00:00:00,8094.31982421875,8370.0498046875,8445.5400390625,5862530048,8054.1201171875,8094.31982421875
2018-05-18 00:00:00,8250.9697265625,8091.830078125,8274.1201171875,5764190208,7974.81982421875,8250.9697265625
2018-05-19 00:00:00,8247.1796875,8255.73046875,8372.0595703125,4712399872,8183.35009765625,8247.1796875
2018-05-20 00:00:00,8513.25,8246.990234375,8562.41015625,5191059968,8205.240234375,8513.25
2018-05-21 00:00:00,8418.990234375,8522.330078125,8557.51953125,5154990080,8365.1201171875,8418.990234375
2018-05-22 00:00:00,8041.77978515625,8419.8701171875,8423.25,5137010176,8004.580078125,8041.77978515625
2018-05-23 00:00:00,7557.81982421875,8037.080078125,8054.66015625,6491120128,7507.8798828125,7557.81982421875
2018-05-24 00:00:00,7587.33984375,7561.1201171875,7738.60009765625,6049220096,7331.14013671875,7587.33984375
2018-05-25 00:00:00,7480.14013671875,7592.2998046875,7659.14013671875,4867829760,7392.64990234375,7480.14013671875
2018-05-26 00:00:00,7355.8798828125,7486.47998046875,7595.16015625,4051539968,7349.1201171875,7355.8798828125
2018-05-27 00:00:00,7368.22021484375,7362.080078125,7381.740234375,4056519936,7270.9599609375,7368.22021484375
2018-05-28 00:00:00,7135.990234375,7371.31005859375,7419.0498046875,5040600064,7100.89013671875,7135.990234375
2018-05-29 00:00:00,7472.58984375,7129.4599609375,7526.419921875,5662660096,7090.68017578125,7472.58984375
2018-05-30 00:00:00,7406.52001953125,7469.72998046875,7573.77001953125,4922540032,7313.60009765625,7406.52001953125
2018-05-31 00:00:00,7494.169921875,7406.14990234375,7608.89990234375,5127130112,7361.1298828125,7494.169921875
2018-06-01 00:00:00,7541.4501953125,7500.7001953125,7604.72998046875,4921460224,7407.33984375,7541.4501953125
2018-06-02 00:00:00,7643.4501953125,7536.72021484375,7695.830078125,4939299840,7497.259765625,7643.4501953125
2018-06-03 00:00:00,7720.25,7632.08984375,7754.89013671875,4851760128,7613.0400390625,7720.25
2018-06-04 00:00:00,7514.47021484375,7722.52978515625,7753.81982421875,4993169920,7474.0400390625,7514.47021484375
2018-06-05 00:00:00,7633.759765625,7500.89990234375,7643.22998046875,4961739776,7397.0,7633.759765625
2018-06-06 00:00:00,7653.97998046875,7625.97021484375,7680.43017578125,4692259840,7502.009765625,7653.97998046875
2018-06-07 00:00:00,7678.240234375,7650.81982421875,7741.27001953125,4485799936,7650.81982421875,7678.240234375
2018-06-08 00:00:00,7624.919921875,7685.14013671875,7698.18994140625,4227579904,7558.39990234375,7624.919921875
2018-06-09 00:00:00,7531.97998046875,7632.52001953125,7683.580078125,3845220096,7531.97998046875,7531.97998046875
2018-06-10 00:00:00,6786.02001953125,7499.5498046875,7499.5498046875,5804839936,6709.06982421875,6786.02001953125
2018-06-11 00:00:00,6906.919921875,6799.2900390625,6910.18017578125,4745269760,6706.6298828125,6906.919921875
2018-06-12 00:00:00,6582.35986328125,6905.81982421875,6907.9599609375,4654380032,6542.080078125,6582.35986328125
2018-06-13 00:00:00,6349.89990234375,6596.8798828125,6631.66015625,5052349952,6285.6298828125,6349.89990234375
2018-06-14 00:00:00,6675.35009765625,6342.75,6707.14013671875,5138710016,6334.4599609375,6675.35009765625
2018-06-15 00:00:00,6456.580078125,6674.080078125,6681.080078125,3955389952,6433.8701171875,6456.580078125
2018-06-16 00:00:00,6550.16015625,6455.4501953125,6592.490234375,3194170112,6402.2900390625,6550.16015625
2018-06-17 00:00:00,6499.27001953125,6545.52978515625,6589.10986328125,3104019968,6499.27001953125,6499.27001953125
2018-06-18 00:00:00,6734.81982421875,6510.06982421875,6781.14013671875,4039200000,6446.68017578125,6734.81982421875
2018-06-19 00:00:00,6769.93994140625,6742.39013671875,6822.5,4057029888,6709.919921875,6769.93994140625
2018-06-20 00:00:00,6776.5498046875,6770.759765625,6821.56005859375,3888640000,6611.8798828125,6776.5498046875
2018-06-21 00:00:00,6729.740234375,6780.08984375,6810.93994140625,3529129984,6715.169921875,6729.740234375
2018-06-22 00:00:00,6083.68994140625,6737.8798828125,6747.080078125,5079810048,6006.60009765625,6083.68994140625
2018-06-23 00:00:00,6162.47998046875,6090.10009765625,6224.81982421875,3431360000,6071.81005859375,6162.47998046875
2018-06-24 00:00:00,6173.22998046875,6164.27978515625,6223.77978515625,4566909952,5826.41015625,6173.22998046875
2018-06-25 00:00:00,6249.18017578125,6171.97021484375,6327.3701171875,5500810240,6119.68017578125,6249.18017578125
2018-06-26 00:00:00,6093.669921875,6253.5498046875,6290.16015625,3279759872,6093.669921875,6093.669921875
2018-06-27 00:00:00,6157.1298828125,6084.39990234375,6180.0,3296219904,6052.85009765625,6157.1298828125
2018-06-28 00:00:00,5903.43994140625,6153.16015625,6170.41015625,3467800064,5873.0498046875,5903.43994140625
2018-06-29 00:00:00,6218.2998046875,5898.1298828125,6261.66015625,3966230016,5835.75,6218.2998046875
2018-06-30 00:00:00,6404.0,6214.22021484375,6465.509765625,4543860224,6214.22021484375,6404.0
2018-07-01 00:00:00,6385.81982421875,6411.68017578125,6432.85009765625,4788259840,6289.2900390625,6385.81982421875
2018-07-02 00:00:00,6614.18017578125,6380.3798828125,6683.85986328125,4396930048,6305.7001953125,6614.18017578125
2018-07-03 00:00:00,6529.58984375,6596.66015625,6671.3701171875,4672309760,6447.75,6529.58984375
2018-07-04 00:00:00,6597.5498046875,6550.8701171875,6771.919921875,4176689920,6450.4599609375,6597.5498046875
2018-07-05 00:00:00,6639.14013671875,6599.7099609375,6749.5400390625,4999240192,6546.64990234375,6639.14013671875
2018-07-06 00:00:00,6673.5,6638.68994140625,6700.93994140625,4313959936,6533.5498046875,6673.5
2018-07-07 00:00:00,6856.93017578125,6668.7099609375,6863.990234375,3961080064,6579.240234375,6856.93017578125
2018-07-08 00:00:00,6773.8798828125,6857.7998046875,6885.91015625,3386210048,6747.97998046875,6773.8798828125
2018-07-09 00:00:00,6741.75,6775.080078125,6838.68017578125,3718129920,6724.33984375,6741.75
2018-07-10 00:00:00,6329.9501953125,6739.2099609375,6767.740234375,4052430080,6320.72021484375,6329.9501953125
2018-07-11 00:00:00,6394.7099609375,6330.77001953125,6444.9599609375,3644859904,6330.47021484375,6394.7099609375
2018-07-12 00:00:00,6228.81005859375,6396.77978515625,6397.10009765625,3770170112,6136.419921875,6228.81005859375
2018-07-13 00:00:00,6238.0498046875,6235.02978515625,6310.5498046875,3805400064,6192.240234375,6238.0498046875
2018-07-14 00:00:00,6276.1201171875,6247.5,6298.18994140625,2923670016,6212.22021484375,6276.1201171875
2018-07-15 00:00:00,6359.64013671875,6272.7001953125,6403.4599609375,3285459968,6256.509765625,6359.64013671875
2018-07-16 00:00:00,6741.75,6357.009765625,6741.75,4725799936,6357.009765625,6741.75
2018-07-17 00:00:00,7321.0400390625,6739.64990234375,7387.240234375,5961950208,6684.169921875,7321.0400390625
2018-07-18 00:00:00,7370.77978515625,7315.31982421875,7534.990234375,6103410176,7280.47021484375,7370.77978515625
2018-07-19 00:00:00,7466.85986328125,7378.2001953125,7494.4599609375,5111629824,7295.4599609375,7466.85986328125
2018-07-20 00:00:00,7354.1298828125,7467.39990234375,7594.669921875,4936869888,7323.259765625,7354.1298828125
2018-07-21 00:00:00,7419.2900390625,7352.72021484375,7437.64013671875,3726609920,7262.41015625,7419.2900390625
2018-07-22 00:00:00,7418.490234375,7417.7998046875,7537.9501953125,3695460096,7383.81982421875,7418.490234375
2018-07-23 00:00:00,7711.10986328125,7414.7099609375,7771.5,5132480000,7409.10009765625,7711.10986328125
2018-07-24 00:00:00,8424.26953125,7716.509765625,8424.26953125,7277689856,7705.5,8424.26953125
2018-07-25 00:00:00,8181.39013671875,8379.66015625,8416.8701171875,5845400064,8086.35986328125,8181.39013671875
2018-07-26 00:00:00,7951.580078125,8176.85009765625,8290.330078125,4899089920,7878.7099609375,7951.580078125
2018-07-27 00:00:00,8165.009765625,7950.39990234375,8262.66015625,5195879936,7839.759765625,8165.009765625
2018-07-28 00:00:00,8192.150390625,8169.06005859375,8222.849609375,3988750080,8110.77001953125,8192.150390625
2018-07-29 00:00:00,8218.4599609375,8205.8203125,8272.259765625,4107190016,8141.18017578125,8218.4599609375
2018-07-30 00:00:00,8180.47998046875,8221.580078125,8235.5,5551400000,7917.5,8180.47998046875
2018-07-31 00:00:00,7780.43994140625,8181.2001953125,8181.52978515625,5287530000,7696.93017578125,7780.43994140625
2018-08-01 00:00:00,7624.91015625,7769.0400390625,7769.0400390625,4797620000,7504.9501953125,7624.91015625
2018-08-02 00:00:00,7567.14990234375,7634.18994140625,7712.77001953125,4214110000,7523.43994140625,7567.14990234375
2018-08-03 00:00:00,7434.39013671875,7562.14013671875,7562.14013671875,4627150000,7328.64990234375,7434.39013671875
2018-08-04 00:00:00,7032.85009765625,7438.669921875,7497.490234375,4268390000,6984.06982421875,7032.85009765625
2018-08-05 00:00:00,7068.47998046875,7031.080078125,7102.77001953125,3679110000,6940.7001953125,7068.47998046875
2018-08-06 00:00:00,6951.7998046875,7062.93994140625,7166.5498046875,3925900000,6890.5400390625,6951.7998046875
2018-08-07 00:00:00,6753.1201171875,6958.31982421875,7146.56005859375,4682800000,6748.240234375,6753.1201171875
2018-08-08 00:00:00,6305.7998046875,6746.85009765625,6746.85009765625,5064430000,6226.22021484375,6305.7998046875
2018-08-09 00:00:00,6568.22998046875,6305.56005859375,6625.72998046875,4267040000,6249.06982421875,6568.22998046875
2018-08-10 00:00:00,6184.7099609375,6571.419921875,6591.259765625,4528680000,6124.52001953125,6184.7099609375
2018-08-11 00:00:00,6295.72998046875,6185.7900390625,6455.740234375,4047850000,6109.02978515625,6295.72998046875
2018-08-12 00:00:00,6322.68994140625,6283.64990234375,6409.85009765625,5665250000,6237.5,6322.68994140625
2018-08-13 00:00:00,6297.56982421875,6341.35986328125,6537.0498046875,4083980000,6225.72021484375,6297.56982421875
2018-08-14 00:00:00,6199.7099609375,6287.66015625,6287.93994140625,5301700000,5971.0498046875,6199.7099609375
2018-08-15 00:00:00,6308.52001953125,6221.419921875,6588.490234375,4895450000,6221.419921875,6308.52001953125
2018-08-16 00:00:00,6334.72998046875,6294.22998046875,6473.5,4328420000,6276.41015625,6334.72998046875
2018-08-17 00:00:00,6580.6298828125,6340.91015625,6582.5,4992990000,6324.97021484375,6580.6298828125
2018-08-18 00:00:00,6423.759765625,6583.43017578125,6617.35009765625,3984520000,6353.72998046875,6423.759765625
2018-08-19 00:00:00,6506.06982421875,6422.56982421875,6537.97998046875,3311170000,6361.5498046875,6506.06982421875
2018-08-20 00:00:00,6308.52978515625,6500.509765625,6536.919921875,3665100000,6297.93017578125,6308.52978515625
2018-08-21 00:00:00,6488.759765625,6301.06982421875,6500.8701171875,3377180000,6298.240234375,6488.759765625
2018-08-22 00:00:00,6376.7099609375,6486.25,6816.7900390625,4668110000,6310.10986328125,6376.7099609375
2018-08-23 00:00:00,6534.8798828125,6371.33984375,6546.5400390625,3426180000,6371.33984375,6534.8798828125
2018-08-24 00:00:00,6719.9599609375,6551.52001953125,6719.9599609375,4097820000,6498.64013671875,6719.9599609375
2018-08-25 00:00:00,6763.18994140625,6719.9501953125,6789.6298828125,3312600000,6700.9599609375,6763.18994140625
2018-08-26 00:00:00,6707.259765625,6754.64013671875,6774.75,3295500000,6620.75,6707.259765625
2018-08-27 00:00:00,6884.64013671875,6710.7998046875,6884.64013671875,4019000000,6689.7099609375,6884.64013671875
2018-08-28 00:00:00,7096.27978515625,6891.080078125,7109.56005859375,4659940000,6882.33984375,7096.27978515625
2018-08-29 00:00:00,7047.16015625,7091.7099609375,7113.2998046875,4145880000,6970.81982421875,7047.16015625
2018-08-30 00:00:00,6978.22998046875,7043.759765625,7072.68994140625,4463250000,6834.68994140625,6978.22998046875
2018-08-31 00:00:00,7037.580078125,6973.97021484375,7057.169921875,4495650000,6920.16015625,7037.580078125
2018-09-01 00:00:00,7193.25,7044.81005859375,7242.2900390625,4116050000,7038.0498046875,7193.25
2018-09-02 00:00:00,7272.72021484375,7189.580078125,7306.31005859375,4329540000,7132.16015625,7272.72021484375
2018-09-03 00:00:00,7260.06005859375,7279.02978515625,7317.93994140625,4087760000,7208.14990234375,7260.06005859375
2018-09-04 00:00:00,7361.66015625,7263.0,7388.259765625,4273640000,7255.43994140625,7361.66015625
2018-09-05 00:00:00,6792.830078125,7361.4599609375,7388.43017578125,5800460000,6792.830078125,6792.830078125
2018-09-06 00:00:00,6529.169921875,6755.14013671875,6755.14013671875,5523470000,6404.72021484375,6529.169921875
2018-09-07 00:00:00,6467.06982421875,6528.919921875,6555.2900390625,4264680000,6396.8701171875,6467.06982421875
2018-09-08 00:00:00,6225.97998046875,6460.169921875,6534.25,3835060000,6197.52001953125,6225.97998046875
2018-09-09 00:00:00,6300.85986328125,6223.3798828125,6446.259765625,3671890000,6201.22021484375,6300.85986328125
2018-09-10 00:00:00,6329.7001953125,6301.56982421875,6374.97998046875,3714100000,6292.759765625,6329.7001953125
2018-09-11 00:00:00,6321.2001953125,6331.8798828125,6398.919921875,3849910000,6260.2099609375,6321.2001953125
2018-09-12 00:00:00,6351.7998046875,6317.009765625,6363.8701171875,4064230000,6265.08984375,6351.7998046875
2018-09-13 00:00:00,6517.31005859375,6354.240234375,6535.41015625,4210910000,6354.240234375,6517.31005859375
2018-09-14 00:00:00,6512.7099609375,6515.41015625,6596.10009765625,4076220000,6456.169921875,6512.7099609375
2018-09-15 00:00:00,6543.2001953125,6509.39990234375,6561.72021484375,3216300000,6493.5498046875,6543.2001953125
2018-09-16 00:00:00,6517.18017578125,6536.68017578125,6544.330078125,3273730000,6460.10009765625,6517.18017578125
2018-09-17 00:00:00,6281.2001953125,6514.06005859375,6540.2099609375,3910780000,6257.52001953125,6281.2001953125
2018-09-18 00:00:00,6371.2998046875,6280.91015625,6384.18017578125,4180090000,6265.7099609375,6371.2998046875
2018-09-19 00:00:00,6398.5400390625,6371.85009765625,6448.4599609375,4431340000,6208.33984375,6398.5400390625
2018-09-20 00:00:00,6519.669921875,6398.85009765625,6529.259765625,4348110000,6395.9501953125,6519.669921875
2018-09-21 00:00:00,6734.9501953125,6513.8701171875,6794.330078125,6531940000,6496.35986328125,6734.9501953125
2018-09-22 00:00:00,6721.97998046875,6735.0498046875,6814.56005859375,4509660000,6616.7998046875,6721.97998046875
2018-09-23 00:00:00,6710.6298828125,6715.31982421875,6766.14990234375,4197500000,6679.419921875,6710.6298828125
2018-09-24 00:00:00,6595.41015625,6704.77001953125,6713.56005859375,4177310000,6580.89990234375,6595.41015625
2018-09-25 00:00:00,6446.47021484375,6603.64013671875,6603.64013671875,4726180000,6381.85986328125,6446.47021484375
2018-09-26 00:00:00,6495.0,6452.7900390625,6585.91015625,4437300000,6397.89013671875,6495.0
2018-09-27 00:00:00,6676.75,6495.2900390625,6712.10009765625,4606810000,6464.9501953125,6676.75
2018-09-28 00:00:00,6644.1298828125,6678.75,6785.02978515625,5014430000,6598.31982421875,6644.1298828125
2018-09-29 00:00:00,6601.9599609375,6643.10009765625,6643.10009765625,4363690000,6511.64990234375,6601.9599609375
2018-09-30 00:00:00,6625.56005859375,6604.7099609375,6643.77978515625,4002280000,6566.5400390625,6625.56005859375
2018-10-01 00:00:00,6589.6201171875,6619.85009765625,6653.2998046875,4000970000,6549.080078125,6589.6201171875
2018-10-02 00:00:00,6556.10009765625,6593.240234375,6611.83984375,3979260000,6537.89990234375,6556.10009765625
2018-10-03 00:00:00,6502.58984375,6553.85986328125,6571.4599609375,3887310000,6454.02978515625,6502.58984375
2018-10-04 00:00:00,6576.68994140625,6497.91015625,6603.31005859375,3838410000,6497.91015625,6576.68994140625
2018-10-05 00:00:00,6622.47998046875,6574.14990234375,6623.6201171875,3671500000,6557.41015625,6622.47998046875
2018-10-06 00:00:00,6588.31005859375,6622.4501953125,6628.5400390625,3259740000,6577.7998046875,6588.31005859375
2018-10-07 00:00:00,6602.9501953125,6590.68017578125,6641.490234375,3306630000,6557.0400390625,6602.9501953125
2018-10-08 00:00:00,6652.22998046875,6600.18994140625,6675.06005859375,3979460000,6576.0400390625,6652.22998046875
2018-10-09 00:00:00,6642.64013671875,6653.080078125,6661.41015625,3580810000,6606.93994140625,6642.64013671875
2018-10-10 00:00:00,6585.52978515625,6640.2900390625,6640.2900390625,3787650000,6538.9599609375,6585.52978515625
2018-10-11 00:00:00,6256.240234375,6586.740234375,6586.740234375,5181640000,6243.740234375,6256.240234375
2018-10-12 00:00:00,6274.580078125,6239.25,6328.5,3783500000,6236.47021484375,6274.580078125
2018-10-13 00:00:00,6285.990234375,6278.080078125,6308.509765625,3064030000,6259.81005859375,6285.990234375
2018-10-14 00:00:00,6290.93017578125,6288.490234375,6363.2099609375,3085320000,6280.14990234375,6290.93017578125
2018-10-15 00:00:00,6596.5400390625,6292.64013671875,6965.06005859375,7370770000,6258.68017578125,6596.5400390625
2018-10-16 00:00:00,6596.10986328125,6601.41015625,6673.58984375,4074800000,6571.3701171875,6596.10986328125
2018-10-17 00:00:00,6544.43017578125,6590.52001953125,6601.2099609375,4088420000,6517.4501953125,6544.43017578125
2018-10-18 00:00:00,6476.7099609375,6542.330078125,6567.5400390625,3924080000,6450.0400390625,6476.7099609375
2018-10-19 00:00:00,6465.41015625,6478.06982421875,6493.68017578125,3578870000,6445.31005859375,6465.41015625
2018-10-20 00:00:00,6489.18994140625,6460.919921875,6497.72021484375,3379130000,6449.0,6489.18994140625
2018-10-21 00:00:00,6482.35009765625,6490.08984375,6556.3798828125,3253610000,6476.0,6482.35009765625
2018-10-22 00:00:00,6487.16015625,6486.0498046875,6543.7998046875,3672860000,6462.97998046875,6487.16015625
2018-10-23 00:00:00,6475.740234375,6472.35986328125,6506.009765625,3716150000,6451.27001953125,6475.740234375
2018-10-24 00:00:00,6495.83984375,6478.89013671875,6521.990234375,3424670000,6468.85986328125,6495.83984375
2018-10-25 00:00:00,6476.2900390625,6484.64990234375,6504.64990234375,3230550000,6447.02978515625,6476.2900390625
2018-10-26 00:00:00,6474.75,6468.43994140625,6498.2900390625,3306050000,6449.60986328125,6474.75
2018-10-27 00:00:00,6480.3798828125,6480.83984375,6507.41015625,3393250000,6453.52978515625,6480.3798828125
2018-10-28 00:00:00,6486.39013671875,6482.66015625,6502.27978515625,3445190000,6447.91015625,6486.39013671875
2018-10-29 00:00:00,6332.6298828125,6492.35009765625,6503.60009765625,4199910000,6306.990234375,6332.6298828125
2018-10-30 00:00:00,6334.27001953125,6337.0400390625,6364.990234375,3781100000,6310.14013671875,6334.27001953125
2018-10-31 00:00:00,6317.60986328125,6336.990234375,6349.16015625,4191240000,6316.8798828125,6317.60986328125
2018-11-01 00:00:00,6377.77978515625,6318.14013671875,6547.14013671875,3789400000,6311.830078125,6377.77978515625
2018-11-02 00:00:00,6388.43994140625,6378.919921875,6396.85986328125,4234870000,6327.3798828125,6388.43994140625
2018-11-03 00:00:00,6361.259765625,6387.240234375,6400.06982421875,3658640000,6342.3701171875,6361.259765625
2018-11-04 00:00:00,6376.1298828125,6365.47021484375,6388.6298828125,4390020000,6294.56982421875,6376.1298828125
2018-11-05 00:00:00,6419.66015625,6363.6201171875,6480.58984375,4174800000,6363.6201171875,6419.66015625
2018-11-06 00:00:00,6461.009765625,6433.3798828125,6463.5498046875,4700040000,6408.16015625,6461.009765625
2018-11-07 00:00:00,6530.14013671875,6468.5,6552.16015625,4941260000,6468.31005859375,6530.14013671875
2018-11-08 00:00:00,6453.72021484375,6522.27001953125,6536.919921875,4665260000,6438.52978515625,6453.72021484375
2018-11-09 00:00:00,6385.6201171875,6442.60009765625,6456.4599609375,4346820000,6373.3701171875,6385.6201171875
2018-11-10 00:00:00,6409.22021484375,6386.1298828125,6437.27978515625,3705320000,6385.31005859375,6409.22021484375
2018-11-11 00:00:00,6411.27001953125,6413.6298828125,6423.25,3939060000,6350.169921875,6411.27001953125
2018-11-12 00:00:00,6371.27001953125,6411.759765625,6434.2099609375,4295770000,6360.47021484375,6371.27001953125
2018-11-13 00:00:00,6359.490234375,6373.18994140625,6395.27001953125,4503800000,6342.669921875,6359.490234375
2018-11-14 00:00:00,5738.35009765625,6351.240234375,6371.5498046875,7398940000,5544.08984375,5738.35009765625
2018-11-15 00:00:00,5648.02978515625,5736.14990234375,5774.81982421875,7032140000,5358.3798828125,5648.02978515625
2018-11-16 00:00:00,5575.5498046875,5645.31982421875,5657.02001953125,5279320000,5498.93994140625,5575.5498046875
2018-11-17 00:00:00,5554.330078125,5578.580078125,5578.580078125,4303150000,5519.56005859375,5554.330078125
2018-11-18 00:00:00,5623.5400390625,5559.740234375,5653.60986328125,4159680000,5559.740234375,5623.5400390625
2018-11-19 00:00:00,4871.490234375,5620.77978515625,5620.77978515625,7039560000,4842.91015625,4871.490234375
2018-11-20 00:00:00,4451.8701171875,4863.93017578125,4951.60986328125,8428290000,4272.10986328125,4451.8701171875
2018-11-21 00:00:00,4602.169921875,4465.5400390625,4675.72998046875,6120120000,4343.97998046875,4602.169921875
2018-11-22 00:00:00,4365.93994140625,4611.56982421875,4629.64013671875,4569370000,4365.64013671875,4365.93994140625
2018-11-23 00:00:00,4347.10986328125,4360.7001953125,4396.419921875,4871490000,4195.68017578125,4347.10986328125
2018-11-24 00:00:00,3880.760009765625,4347.68994140625,4413.08984375,4679500000,3795.159912109375,3880.760009765625
2018-11-25 00:00:00,4009.969970703125,3880.780029296875,4120.8701171875,6825640000,3585.06005859375,4009.969970703125
2018-11-26 00:00:00,3779.1298828125,4015.070068359375,4107.14013671875,6476900000,3643.919921875,3779.1298828125
2018-11-27 00:00:00,3820.719970703125,3765.949951171875,3862.9599609375,5998720000,3661.010009765625,3820.719970703125
2018-11-28 00:00:00,4257.419921875,3822.469970703125,4385.89990234375,7280280000,3822.469970703125,4257.419921875
2018-11-29 00:00:00,4278.8466796875,4269.00439453125,4413.0205078125,6503347767,4145.76513671875,4278.8466796875
2018-11-30 00:00:00,4017.2685546875,4289.0888671875,4322.9765625,6048016717,3942.822021484375,4017.2685546875
2018-12-01 00:00:00,4214.671875,4024.46435546875,4309.37744140625,5375314093,3969.710693359375,4214.671875
2018-12-02 00:00:00,4139.8779296875,4200.7333984375,4301.51953125,5262697895,4110.978515625,4139.8779296875
2018-12-03 00:00:00,3894.130859375,4147.32373046875,4155.9794921875,5089570994,3840.4462890625,3894.130859375
2018-12-04 00:00:00,3956.893798828125,3886.294921875,4075.627685546875,5028069239,3832.75,3956.893798828125
2018-12-05 00:00:00,3753.994873046875,3958.894775390625,3969.535888671875,5302481574,3753.994873046875,3753.994873046875
2018-12-06 00:00:00,3521.101806640625,3754.074462890625,3874.966064453125,5878333109,3521.101806640625,3521.101806640625
2018-12-07 00:00:00,3419.937255859375,3512.59033203125,3512.59033203125,6835615448,3280.228759765625,3419.937255859375
2018-12-08 00:00:00,3476.11474609375,3421.910400390625,3506.04345703125,5305024497,3350.650634765625,3476.11474609375
2018-12-09 00:00:00,3614.234375,3473.2275390625,3685.3056640625,4947372847,3469.09423828125,3614.234375
2018-12-10 00:00:00,3502.656005859375,3612.04638671875,3647.33251953125,5020968740,3470.14453125,3502.656005859375
2018-12-11 00:00:00,3424.588134765625,3497.5546875,3513.18505859375,4696765188,3392.25,3424.588134765625
2018-12-12 00:00:00,3486.9501953125,3421.458251953125,3534.228515625,4139364829,3413.4814453125,3486.9501953125
2018-12-13 00:00:00,3313.67724609375,3487.87939453125,3489.739501953125,4343372456,3298.132080078125,3313.67724609375
2018-12-14 00:00:00,3242.48486328125,3311.751953125,3329.555908203125,4372763663,3206.542236328125,3242.48486328125
2018-12-15 00:00:00,3236.76171875,3243.99755859375,3275.3779296875,3551763561,3191.303466796875,3236.76171875
2018-12-16 00:00:00,3252.839111328125,3236.274658203125,3305.753173828125,3744248994,3233.81982421875,3252.839111328125
2018-12-17 00:00:00,3545.86474609375,3253.123046875,3597.91796875,5409247918,3253.123046875,3545.86474609375
2018-12-18 00:00:00,3696.05908203125,3544.761474609375,3701.349365234375,5911325473,3487.169189453125,3696.05908203125
2018-12-19 00:00:00,3745.95068359375,3706.824951171875,3949.322998046875,6810689119,3687.22998046875,3745.95068359375
2018-12-20 00:00:00,4134.44140625,3742.195068359375,4191.228515625,8927129279,3728.974609375,4134.44140625
2018-12-21 00:00:00,3896.543701171875,4133.70361328125,4198.4296875,7206015706,3850.9462890625,3896.543701171875
2018-12-22 00:00:00,4014.1826171875,3898.083740234375,4014.1826171875,5605823233,3855.739013671875,4014.1826171875
2018-12-23 00:00:00,3998.980224609375,4020.99462890625,4085.7236328125,6151275490,3976.40576171875,3998.980224609375
2018-12-24 00:00:00,4078.59912109375,4000.331787109375,4271.79248046875,7240968501,4000.331787109375,4078.59912109375
2018-12-25 00:00:00,3815.49072265625,4081.030517578125,4089.5615234375,6158207293,3760.0205078125,3815.49072265625
2018-12-26 00:00:00,3857.297607421875,3819.666748046875,3893.359619140625,5326547918,3769.86376953125,3857.297607421875
2018-12-27 00:00:00,3654.83349609375,3854.6884765625,3874.4169921875,5130222366,3645.448486328125,3654.83349609375
2018-12-28 00:00:00,3923.918701171875,3653.1318359375,3956.135986328125,5631554348,3642.632080078125,3923.918701171875
2018-12-29 00:00:00,3820.40869140625,3932.49169921875,3963.7587890625,4991655917,3820.40869140625,3820.40869140625
2018-12-30 00:00:00,3865.95263671875,3822.384765625,3901.908935546875,4770578575,3797.21923828125,3865.95263671875
2018-12-31 00:00:00,3742.700439453125,3866.839111328125,3868.742919921875,4661840806,3725.867431640625,3742.700439453125
2019-01-01 00:00:00,3843.52001953125,3746.71337890625,3850.913818359375,4324200990,3707.231201171875,3843.52001953125
2019-01-02 00:00:00,3943.409423828125,3849.21630859375,3947.981201171875,5244856836,3817.409423828125,3943.409423828125
2019-01-03 00:00:00,3836.7412109375,3931.048583984375,3935.68505859375,4530215219,3826.222900390625,3836.7412109375
2019-01-04 00:00:00,3857.717529296875,3832.0400390625,3865.9345703125,4847965467,3783.853759765625,3857.717529296875
2019-01-05 00:00:00,3845.194580078125,3851.973876953125,3904.903076171875,5137609824,3836.900146484375,3845.194580078125
2019-01-06 00:00:00,4076.632568359375,3836.51904296875,4093.29736328125,5597027440,3826.51318359375,4076.632568359375
2019-01-07 00:00:00,4025.248291015625,4078.5849609375,4092.613525390625,5228625637,4020.89404296875,4025.248291015625
2019-01-08 00:00:00,4030.847900390625,4028.47216796875,4109.02099609375,5306593305,3996.955322265625,4030.847900390625
2019-01-09 00:00:00,4035.29638671875,4031.552001953125,4068.403564453125,5115905225,4022.662841796875,4035.29638671875
2019-01-10 00:00:00,3678.924560546875,4034.411376953125,4064.066650390625,6874143796,3659.174560546875,3678.924560546875
2019-01-11 00:00:00,3687.365478515625,3674.015380859375,3713.8818359375,5538712865,3653.06982421875,3687.365478515625
2019-01-12 00:00:00,3661.301025390625,3686.97314453125,3698.978271484375,4778170883,3653.810791015625,3661.301025390625
2019-01-13 00:00:00,3552.953125,3658.8681640625,3674.760009765625,4681302466,3544.92724609375,3552.953125
2019-01-14 00:00:00,3706.05224609375,3557.31103515625,3727.836181640625,5651384490,3552.28515625,3706.05224609375
2019-01-15 00:00:00,3630.67529296875,3704.21630859375,3720.1533203125,5537192302,3619.94921875,3630.67529296875
2019-01-16 00:00:00,3655.0068359375,3631.509765625,3685.777099609375,5394457145,3624.67333984375,3655.0068359375
2019-01-17 00:00:00,3678.56396484375,3651.87109375,3680.135986328125,5464420383,3621.9609375,3678.56396484375
2019-01-18 00:00:00,3657.83935546875,3677.990478515625,3682.52001953125,5002961727,3637.080810546875,3657.83935546875
2019-01-19 00:00:00,3728.568359375,3652.3779296875,3758.533447265625,5955691380,3652.3779296875,3728.568359375
2019-01-20 00:00:00,3601.013671875,3725.446044921875,3743.387939453125,5582489560,3583.01953125,3601.013671875
2019-01-21 00:00:00,3576.032470703125,3600.372802734375,3608.8408203125,5004347059,3558.537109375,3576.032470703125
2019-01-22 00:00:00,3604.5771484375,3575.081298828125,3620.74658203125,5313623556,3539.721435546875,3604.5771484375
2019-01-23 00:00:00,3585.123046875,3605.55712890625,3623.06787109375,5433755649,3565.31396484375,3585.123046875
2019-01-24 00:00:00,3600.865478515625,3584.500244140625,3616.08740234375,5262869046,3569.0927734375,3600.865478515625
2019-01-25 00:00:00,3599.765869140625,3607.390380859375,3612.927734375,5265847539,3575.597412109375,3599.765869140625
2019-01-26 00:00:00,3602.46044921875,3599.71533203125,3654.93310546875,5098183235,3593.345947265625,3602.46044921875
2019-01-27 00:00:00,3583.9658203125,3604.687255859375,3612.67138671875,5570752966,3567.245849609375,3583.9658203125
2019-01-28 00:00:00,3470.450439453125,3584.283203125,3586.7509765625,6908930483,3439.23291015625,3470.450439453125
2019-01-29 00:00:00,3448.116943359375,3468.8701171875,3476.0654296875,5897159493,3400.81982421875,3448.116943359375
2019-01-30 00:00:00,3486.181640625,3443.89697265625,3495.1748046875,5955112627,3429.387939453125,3486.181640625
2019-01-31 00:00:00,3457.792724609375,3485.4091796875,3504.804931640625,5831198271,3447.915771484375,3457.792724609375
2019-02-01 00:00:00,3487.9453125,3460.547119140625,3501.9541015625,5422926707,3431.591552734375,3487.9453125
2019-02-02 00:00:00,3521.060791015625,3484.6259765625,3523.287353515625,5071623601,3467.57470703125,3521.060791015625
2019-02-03 00:00:00,3464.013427734375,3516.1396484375,3521.38818359375,5043937584,3447.92431640625,3464.013427734375
2019-02-04 00:00:00,3459.154052734375,3467.211669921875,3476.223876953125,5332718886,3442.5869140625,3459.154052734375
2019-02-05 00:00:00,3466.357421875,3454.950927734375,3478.148193359375,5227549545,3451.93701171875,3466.357421875
2019-02-06 00:00:00,3413.767822265625,3469.091796875,3469.091796875,5482196038,3398.5654296875,3413.767822265625
2019-02-07 00:00:00,3399.4716796875,3414.929443359375,3427.945556640625,5004962683,3394.218505859375,3399.4716796875
2019-02-08 00:00:00,3666.7802734375,3401.37646484375,3695.614013671875,7735623101,3391.023681640625,3666.7802734375
2019-02-09 00:00:00,3671.20361328125,3671.5859375,3679.94140625,6158833645,3646.559326171875,3671.20361328125
2019-02-10 00:00:00,3690.188232421875,3673.201416015625,3695.0361328125,6282256903,3640.97998046875,3690.188232421875
2019-02-11 00:00:00,3648.4306640625,3695.613037109375,3695.613037109375,6277056434,3642.287841796875,3648.4306640625
2019-02-12 00:00:00,3653.528564453125,3642.751953125,3668.5869140625,6480384532,3618.556884765625,3653.528564453125
2019-02-13 00:00:00,3632.070556640625,3653.60400390625,3669.74658203125,6438903823,3617.246337890625,3632.070556640625
2019-02-14 00:00:00,3616.880859375,3631.170166015625,3646.256591796875,6271044418,3607.69775390625,3616.880859375
2019-02-15 00:00:00,3620.810791015625,3617.368408203125,3647.795166015625,6091952231,3608.20654296875,3620.810791015625
2019-02-16 00:00:00,3629.78759765625,3615.270263671875,3652.84130859375,5934744052,3615.270263671875,3629.78759765625
2019-02-17 00:00:00,3673.836181640625,3633.359375,3680.537353515625,7039512503,3619.18212890625,3673.836181640625
2019-02-18 00:00:00,3915.71435546875,3671.369873046875,3936.6650390625,9908216640,3669.982421875,3915.71435546875
2019-02-19 00:00:00,3947.094482421875,3911.66162109375,4010.87939453125,9933626655,3908.153076171875,3947.094482421875
2019-02-20 00:00:00,3999.820556640625,3946.68505859375,4000.486328125,8693373948,3926.246826171875,3999.820556640625
2019-02-21 00:00:00,3954.1181640625,4000.2568359375,4010.009521484375,7775128102,3940.108154296875,3954.1181640625
2019-02-22 00:00:00,4005.526611328125,3952.406494140625,4006.538330078125,7826525254,3950.81640625,4005.526611328125
2019-02-23 00:00:00,4142.52685546875,3998.916259765625,4166.2861328125,8922258316,3968.726806640625,4142.52685546875
2019-02-24 00:00:00,3810.427490234375,4145.4580078125,4210.6416015625,10794227451,3793.708984375,3810.427490234375
2019-02-25 00:00:00,3882.6962890625,3807.00244140625,3913.707275390625,9318796067,3807.00244140625,3882.6962890625
2019-02-26 00:00:00,3854.35791015625,3878.697265625,3891.578857421875,7931218996,3837.986328125,3854.35791015625
2019-02-27 00:00:00,3851.04736328125,3857.479736328125,3888.802490234375,8301309684,3787.058837890625,3851.04736328125
2019-02-28 00:00:00,3854.785400390625,3848.261962890625,3906.058349609375,8399767798,3845.8212890625,3854.785400390625
2019-03-01 00:00:00,3859.583740234375,3853.757080078125,3907.79541015625,7661247975,3851.6923828125,3859.583740234375
2019-03-02 00:00:00,3864.4150390625,3855.318115234375,3874.607421875,7578786076,3832.1279296875,3864.4150390625
2019-03-03 00:00:00,3847.17578125,3862.26611328125,3875.483642578125,7253558152,3836.90576171875,3847.17578125
2019-03-04 00:00:00,3761.55712890625,3845.091552734375,3867.3818359375,9029175788,3733.749755859375,3761.55712890625
2019-03-05 00:00:00,3896.375,3759.83251953125,3903.916748046875,10174126415,3745.18310546875,3896.375
2019-03-06 00:00:00,3903.942626953125,3897.0810546875,3919.510498046875,9175291529,3871.460693359375,3903.942626953125
2019-03-07 00:00:00,3911.484375,3903.384765625,3939.373291015625,9584165519,3894.113037109375,3911.484375
2019-03-08 00:00:00,3901.131591796875,3913.225830078125,3950.43212890625,10638638944,3875.228515625,3901.131591796875
2019-03-09 00:00:00,3963.313720703125,3894.552490234375,3987.23779296875,10796103518,3892.390380859375,3963.313720703125
2019-03-10 00:00:00,3951.599853515625,3966.17431640625,3966.17431640625,9713267607,3924.381103515625,3951.599853515625
2019-03-11 00:00:00,3905.227294921875,3953.740234375,3966.384765625,10125901903,3889.239013671875,3905.227294921875
2019-03-12 00:00:00,3909.15625,3903.75830078125,3926.88916015625,9809887079,3863.55908203125,3909.15625
2019-03-13 00:00:00,3906.71728515625,3913.04736328125,3926.59765625,9469184841,3891.904296875,3906.71728515625
2019-03-14 00:00:00,3924.369140625,3905.576904296875,3946.50439453125,10480789570,3901.296875,3924.369140625
2019-03-15 00:00:00,3960.9111328125,3926.663330078125,3968.54296875,9394210605,3914.015380859375,3960.9111328125
2019-03-16 00:00:00,4048.725830078125,3963.900146484375,4077.036376953125,9856166973,3961.657470703125,4048.725830078125
2019-03-17 00:00:00,4025.22900390625,4047.719482421875,4054.1220703125,8221625400,4006.4111328125,4025.22900390625
2019-03-18 00:00:00,4032.50732421875,4029.968505859375,4071.556640625,9646954186,4009.1171875,4032.50732421875
2019-03-19 00:00:00,4071.190185546875,4032.69189453125,4082.216064453125,9344919956,4023.8125,4071.190185546875
2019-03-20 00:00:00,4087.476318359375,4070.7939453125,4089.4619140625,10175916388,4031.11083984375,4087.476318359375
2019-03-21 00:00:00,4029.326904296875,4083.953857421875,4097.35986328125,10831212662,4005.1513671875,4029.326904296875
2019-03-22 00:00:00,4023.96826171875,4028.5146484375,4053.90673828125,9252935969,4021.54248046875,4023.96826171875
2019-03-23 00:00:00,4035.826416015625,4022.71337890625,4049.882568359375,9578850549,4015.964599609375,4035.826416015625
2019-03-24 00:00:00,4022.168212890625,4035.16357421875,4040.69970703125,9144851065,4006.19287109375,4022.168212890625
2019-03-25 00:00:00,3963.070556640625,4024.11279296875,4038.8408203125,10359818883,3934.03125,3963.070556640625
2019-03-26 00:00:00,3985.080810546875,3969.228759765625,3985.080810546875,10707678815,3944.753173828125,3985.080810546875
2019-03-27 00:00:00,4087.066162109375,3984.244873046875,4087.066162109375,10897131934,3977.810546875,4087.066162109375
2019-03-28 00:00:00,4069.107177734375,4087.58447265625,4094.902099609375,9353915899,4040.266357421875,4069.107177734375
2019-03-29 00:00:00,4098.37451171875,4068.2998046875,4113.5009765625,10918665557,4034.09716796875,4098.37451171875
2019-03-30 00:00:00,4106.66015625,4092.13623046875,4296.806640625,9732688060,4053.90966796875,4106.66015625
2019-03-31 00:00:00,4105.404296875,4105.4560546875,4113.0234375,9045122443,4094.100830078125,4105.404296875
2019-04-01 00:00:00,4158.18310546875,4105.3623046875,4164.953125,10157794171,4096.9013671875,4158.18310546875
2019-04-02 00:00:00,4879.8779296875,4156.91943359375,4905.95458984375,21315047816,4155.31689453125,4879.8779296875
2019-04-03 00:00:00,4973.02197265625,4879.9580078125,5307.00341796875,22899891582,4876.62109375,4973.02197265625
2019-04-04 00:00:00,4922.798828125,4971.3076171875,5063.15966796875,18251810240,4836.7939453125,4922.798828125
2019-04-05 00:00:00,5036.68115234375,4922.80615234375,5053.509765625,16837325387,4919.49169921875,5036.68115234375
2019-04-06 00:00:00,5059.8173828125,5036.79296875,5205.82177734375,16929795194,4992.22216796875,5059.8173828125
2019-04-07 00:00:00,5198.89697265625,5062.7939453125,5235.1865234375,16655416140,5050.412109375,5198.89697265625
2019-04-08 00:00:00,5289.77099609375,5199.83544921875,5318.83642578125,17154113634,5148.2119140625,5289.77099609375
2019-04-09 00:00:00,5204.95849609375,5289.91796875,5289.91796875,14722104361,5167.4189453125,5204.95849609375
2019-04-10 00:00:00,5324.5517578125,5204.10546875,5421.6513671875,15504590933,5193.38232421875,5324.5517578125
2019-04-11 00:00:00,5064.48779296875,5325.08154296875,5354.2255859375,16555616019,5017.29638671875,5064.48779296875
2019-04-12 00:00:00,5089.5390625,5061.20068359375,5103.2744140625,13675206312,4955.8525390625,5089.5390625
2019-04-13 00:00:00,5096.58642578125,5088.85009765625,5127.1220703125,10823289598,5061.58935546875,5096.58642578125
2019-04-14 00:00:00,5167.72216796875,5095.7587890625,5184.01611328125,10391952498,5053.568359375,5167.72216796875
2019-04-15 00:00:00,5067.1083984375,5167.32177734375,5196.60693359375,12290155061,5024.0693359375,5067.1083984375
2019-04-16 00:00:00,5235.5595703125,5066.57763671875,5238.9453125,11618660197,5055.19482421875,5235.5595703125
2019-04-17 00:00:00,5251.93798828125,5236.13525390625,5274.275390625,12438480677,5219.20556640625,5251.93798828125
2019-04-18 00:00:00,5298.3857421875,5251.48046875,5319.986328125,13256489918,5250.5068359375,5298.3857421875
2019-04-19 00:00:00,5303.8125,5298.154296875,5336.68017578125,13780238655,5233.3349609375,5303.8125
2019-04-20 00:00:00,5337.88623046875,5304.16064453125,5358.49072265625,13169647522,5295.8779296875,5337.88623046875
2019-04-21 00:00:00,5314.53125,5335.87890625,5359.9248046875,13731844223,5257.33935546875,5314.53125
2019-04-22 00:00:00,5399.365234375,5312.49462890625,5422.6875,14601631648,5280.27685546875,5399.365234375
2019-04-23 00:00:00,5572.3623046875,5399.36572265625,5633.80224609375,15867308108,5389.40869140625,5572.3623046875
2019-04-24 00:00:00,5464.86669921875,5571.50830078125,5642.04443359375,17048033399,5418.26318359375,5464.86669921875
2019-04-25 00:00:00,5210.515625,5466.5244140625,5542.23828125,15330283408,5181.3388671875,5210.515625
2019-04-26 00:00:00,5279.34814453125,5210.3046875,5383.63427734375,16812108040,5177.36865234375,5279.34814453125
2019-04-27 00:00:00,5268.291015625,5279.47119140625,5310.75,13111274675,5233.6357421875,5268.291015625
2019-04-28 00:00:00,5285.13916015625,5271.74658203125,5326.23193359375,12819992056,5255.68359375,5285.13916015625
2019-04-29 00:00:00,5247.3525390625,5284.8583984375,5311.27490234375,13735490672,5216.48779296875,5247.3525390625
2019-04-30 00:00:00,5350.7265625,5247.72607421875,5363.25732421875,13878964574,5224.18994140625,5350.7265625
2019-05-01 00:00:00,5402.697265625,5350.91455078125,5418.00390625,13679528236,5347.64599609375,5402.697265625
2019-05-02 00:00:00,5505.28369140625,5402.4228515625,5522.2626953125,14644460907,5394.21728515625,5505.28369140625
2019-05-03 00:00:00,5768.28955078125,5505.55224609375,5865.8818359375,18720780006,5490.20166015625,5768.28955078125
2019-05-04 00:00:00,5831.16748046875,5769.20263671875,5886.8935546875,17567780766,5645.46923828125,5831.16748046875
2019-05-05 00:00:00,5795.70849609375,5831.068359375,5833.86279296875,14808830723,5708.03515625,5795.70849609375
2019-05-06 00:00:00,5746.80712890625,5791.693359375,5802.95751953125,15737171804,5653.6875,5746.80712890625
2019-05-07 00:00:00,5829.50146484375,5745.59912109375,5988.17822265625,18026409033,5741.39599609375,5829.50146484375
2019-05-08 00:00:00,5982.45751953125,5849.4814453125,5989.98095703125,15320605300,5794.7158203125,5982.45751953125
2019-05-09 00:00:00,6174.52880859375,5982.31640625,6183.0390625,16784645411,5982.31640625,6174.52880859375
2019-05-10 00:00:00,6378.84912109375,6175.82275390625,6434.61767578125,19419875368,6161.51904296875,6378.84912109375
2019-05-11 00:00:00,7204.771484375,6379.6669921875,7333.0029296875,28867562329,6375.69873046875,7204.771484375
2019-05-12 00:00:00,6972.37158203125,7203.50732421875,7503.8720703125,27773333680,6815.77099609375,6972.37158203125
2019-05-13 00:00:00,7814.9150390625,6971.17822265625,8047.4130859375,28677672181,6898.2822265625,7814.9150390625
2019-05-14 00:00:00,7994.416015625,7807.88427734375,8268.712890625,32031452227,7696.39111328125,7994.416015625
2019-05-15 00:00:00,8205.16796875,7989.37451171875,8216.423828125,28344112920,7899.10693359375,8205.16796875
2019-05-16 00:00:00,7884.9091796875,8194.5009765625,8320.82421875,33167197581,7729.6083984375,7884.9091796875
2019-05-17 00:00:00,7343.8955078125,7886.92578125,7929.1455078125,30066644905,7038.12451171875,7343.8955078125
2019-05-18 00:00:00,7271.2080078125,7341.66455078125,7447.27197265625,21354286562,7251.50439453125,7271.2080078125
2019-05-19 00:00:00,8197.689453125,7267.962890625,8261.94140625,25902422040,7267.962890625,8197.689453125
2019-05-20 00:00:00,7978.30908203125,8196.923828125,8200.9677734375,23843404340,7678.78173828125,7978.30908203125
2019-05-21 00:00:00,7963.32763671875,7977.96923828125,8062.16796875,25127245056,7843.33984375,7963.32763671875
2019-05-22 00:00:00,7680.06640625,7956.2919921875,7997.6123046875,24719473175,7615.9873046875,7680.06640625
2019-05-23 00:00:00,7881.8466796875,7677.26904296875,7943.79150390625,24457107820,7533.19677734375,7881.8466796875
2019-05-24 00:00:00,7987.37158203125,7881.6953125,8140.7197265625,25919126991,7824.44873046875,7987.37158203125
2019-05-25 00:00:00,8052.5439453125,7991.88525390625,8117.92578125,22256813107,7965.97607421875,8052.5439453125
2019-05-26 00:00:00,8673.2158203125,8055.2060546875,8687.5205078125,26677970091,7924.67041015625,8673.2158203125
2019-05-27 00:00:00,8805.7783203125,8674.072265625,8907.1748046875,27949839564,8668.705078125,8805.7783203125
2019-05-28 00:00:00,8719.9619140625,8802.7578125,8807.0166015625,24226919267,8634.7216796875,8719.9619140625
2019-05-29 00:00:00,8659.4873046875,8718.591796875,8755.8525390625,23473479966,8482.728515625,8659.4873046875
2019-05-30 00:00:00,8319.47265625,8661.7607421875,9008.314453125,29246528551,8221.2734375,8319.47265625
2019-05-31 00:00:00,8574.501953125,8320.2861328125,8586.6591796875,25365190957,8172.55078125,8574.501953125
2019-06-01 00:00:00,8564.0166015625,8573.83984375,8625.6005859375,22488303544,8481.578125,8564.0166015625
2019-06-02 00:00:00,8742.9580078125,8565.4736328125,8809.3037109375,20266216022,8561.2353515625,8742.9580078125
2019-06-03 00:00:00,8208.9951171875,8741.7470703125,8743.5,22004511436,8204.185546875,8208.9951171875
2019-06-04 00:00:00,7707.77099609375,8210.9853515625,8210.9853515625,24609731549,7564.48876953125,7707.77099609375
2019-06-05 00:00:00,7824.2314453125,7704.34326171875,7901.84912109375,21760923463,7668.66845703125,7824.2314453125
2019-06-06 00:00:00,7822.0234375,7819.63330078125,7937.3408203125,19474611077,7571.47119140625,7822.0234375
2019-06-07 00:00:00,8043.951171875,7826.9013671875,8126.1533203125,19141423231,7788.37353515625,8043.951171875
2019-06-08 00:00:00,7954.1279296875,8036.77490234375,8076.89111328125,16522722810,7837.61083984375,7954.1279296875
2019-06-09 00:00:00,7688.0771484375,7949.6748046875,7975.97412109375,16610726547,7583.2197265625,7688.0771484375
2019-06-10 00:00:00,8000.32958984375,7692.28466796875,8031.90966796875,18689275117,7586.73095703125,8000.32958984375
2019-06-11 00:00:00,7927.71435546875,8004.24365234375,8026.39404296875,17107279932,7772.8037109375,7927.71435546875
2019-06-12 00:00:00,8145.857421875,7925.43408203125,8196.6484375,19034432883,7862.35986328125,8145.857421875
2019-06-13 00:00:00,8230.923828125,8145.54541015625,8311.5673828125,18669407147,8087.06103515625,8230.923828125
2019-06-14 00:00:00,8693.8330078125,8230.8984375,8710.63671875,19831162906,8183.39306640625,8693.8330078125
2019-06-15 00:00:00,8838.375,8689.74609375,8859.1279296875,18371033226,8618.3955078125,8838.375
2019-06-16 00:00:00,8994.48828125,8841.4404296875,9335.8671875,23348550311,8814.556640625,8994.48828125
2019-06-17 00:00:00,9320.3525390625,8988.923828125,9416.4072265625,15562951919,8988.923828125,9320.3525390625
2019-06-18 00:00:00,9081.7626953125,9335.466796875,9348.3740234375,15848210536,9004.9013671875,9081.7626953125
2019-06-19 00:00:00,9273.521484375,9078.7275390625,9299.62109375,15546809946,9070.3955078125,9273.521484375
2019-06-20 00:00:00,9527.16015625,9273.060546875,9594.419921875,17846823784,9232.484375,9527.16015625
2019-06-21 00:00:00,10144.556640625,9525.07421875,10144.556640625,20624008643,9525.07421875,10144.556640625
2019-06-22 00:00:00,10701.69140625,10175.923828125,11157.345703125,29995204861,10107.03515625,10701.69140625
2019-06-23 00:00:00,10855.37109375,10696.69140625,11246.14453125,20998326502,10556.095703125,10855.37109375
2019-06-24 00:00:00,11011.1025390625,10853.744140625,11065.896484375,19271652365,10610.427734375,11011.1025390625
2019-06-25 00:00:00,11790.9169921875,11007.2021484375,11790.9169921875,24879684533,11007.2021484375,11790.9169921875
2019-06-26 00:00:00,13016.2314453125,11778.5810546875,13796.4892578125,45105733173,11755.59765625,13016.2314453125
2019-06-27 00:00:00,11182.806640625,13017.125,13311.14453125,39977475223,10491.8525390625,11182.806640625
2019-06-28 00:00:00,12407.33203125,11162.16796875,12445.1748046875,35087757766,10914.4951171875,12407.33203125
2019-06-29 00:00:00,11959.37109375,12400.763671875,12400.91015625,29923961128,11508.37890625,11959.37109375
2019-06-30 00:00:00,10817.1552734375,11931.9912109375,12178.3837890625,27256473494,10799.0087890625,10817.1552734375
2019-07-01 00:00:00,10583.134765625,10796.9306640625,11206.439453125,29378589324,10089.314453125,10583.134765625
2019-07-02 00:00:00,10801.677734375,10588.68359375,10912.1884765625,31015895223,9737.884765625,10801.677734375
2019-07-03 00:00:00,11961.26953125,10818.15625,11968.078125,30796494294,10818.15625,11961.26953125
2019-07-04 00:00:00,11215.4375,11972.71875,12006.0751953125,25920294033,11166.5693359375,11215.4375
2019-07-05 00:00:00,10978.4599609375,11203.1025390625,11395.6611328125,23838480210,10874.96484375,10978.4599609375
2019-07-06 00:00:00,11208.55078125,10982.5439453125,11620.96484375,21092024306,10982.5439453125,11208.55078125
2019-07-07 00:00:00,11450.8466796875,11217.6162109375,11541.6201171875,19369044277,11148.8046875,11450.8466796875
2019-07-08 00:00:00,12285.9580078125,11446.5966796875,12345.8330078125,23482551458,11393.3740234375,12285.9580078125
2019-07-09 00:00:00,12573.8125,12284.326171875,12779.1318359375,28167921523,12233.26171875,12573.8125
2019-07-10 00:00:00,12156.5126953125,12571.537109375,13129.529296875,33627574244,11710.978515625,12156.5126953125
2019-07-11 00:00:00,11358.662109375,12139.7138671875,12144.623046875,28595327690,11158.9228515625,11358.662109375
2019-07-12 00:00:00,11815.986328125,11354.2998046875,11905.4873046875,23534692797,11179.14453125,11815.986328125
2019-07-13 00:00:00,11392.37890625,11813.126953125,11841.95703125,21042616384,10908.4794921875,11392.37890625
2019-07-14 00:00:00,10256.05859375,11381.0205078125,11451.2041015625,22486000001,10234.576171875,10256.05859375
2019-07-15 00:00:00,10895.08984375,10257.8388671875,11052.7666015625,25384047207,9992.0068359375,10895.08984375
2019-07-16 00:00:00,9477.6416015625,10896.6533203125,10996.6328125,24151199070,9448.1064453125,9477.6416015625
2019-07-17 00:00:00,9693.802734375,9471.2138671875,9963.134765625,24569921549,9163.134765625,9693.802734375
2019-07-18 00:00:00,10666.482421875,9698.5029296875,10736.8427734375,25187024648,9376.798828125,10666.482421875
2019-07-19 00:00:00,10530.732421875,10653.9560546875,10716.98046875,20727426310,10229.62890625,10530.732421875
2019-07-20 00:00:00,10767.1396484375,10525.8193359375,11048.662109375,20206615155,10451.2763671875,10767.1396484375
2019-07-21 00:00:00,10599.10546875,10777.529296875,10841.8876953125,17130580467,10389.599609375,10599.10546875
2019-07-22 00:00:00,10343.1064453125,10596.9482421875,10651.791015625,16334414913,10154.921875,10343.1064453125
2019-07-23 00:00:00,9900.767578125,10346.748046875,10346.748046875,17851916995,9883.5947265625,9900.767578125
2019-07-24 00:00:00,9811.92578125,9887.73046875,9908.796875,17398734322,9614.306640625,9811.92578125
2019-07-25 00:00:00,9911.841796875,9809.0966796875,10154.25390625,15821952090,9773.95703125,9911.841796875
2019-07-26 00:00:00,9870.3037109375,9913.126953125,9916.517578125,14495714483,9717.982421875,9870.3037109375
2019-07-27 00:00:00,9477.677734375,9871.1650390625,10167.3203125,16817809536,9411.521484375,9477.677734375
2019-07-28 00:00:00,9552.8603515625,9491.626953125,9575.544921875,13738687093,9252.296875,9552.8603515625
2019-07-29 00:00:00,9519.1455078125,9548.1787109375,9681.6484375,13791445323,9472.9482421875,9519.1455078125
2019-07-30 00:00:00,9607.423828125,9522.3291015625,9701.759765625,13829811132,9437.3359375,9607.423828125
2019-07-31 00:00:00,10085.6279296875,9604.05078125,10085.6279296875,16631520648,9598.09765625,10085.6279296875
2019-08-01 00:00:00,10399.6689453125,10077.4423828125,10446.919921875,17165337858,9922.01953125,10399.6689453125
2019-08-02 00:00:00,10518.1748046875,10402.04296875,10657.953125,17489094082,10371.013671875,10518.1748046875
2019-08-03 00:00:00,10821.7265625,10519.2783203125,10946.78125,15352685061,10503.5048828125,10821.7265625
2019-08-04 00:00:00,10970.1845703125,10821.6328125,11009.20703125,16530894787,10620.2783203125,10970.1845703125
2019-08-05 00:00:00,11805.6533203125,10960.7353515625,11895.091796875,23875988832,10960.7353515625,11805.6533203125
2019-08-06 00:00:00,11478.1689453125,11811.544921875,12273.8212890625,23635107660,11290.7314453125,11478.1689453125
2019-08-07 00:00:00,11941.96875,11476.193359375,12036.990234375,22194988641,11433.701171875,11941.96875
2019-08-08 00:00:00,11966.4072265625,11954.0400390625,11979.419921875,19481591730,11556.16796875,11966.4072265625
2019-08-09 00:00:00,11862.9365234375,11953.4697265625,11970.4580078125,18339989960,11709.7451171875,11862.9365234375
2019-08-10 00:00:00,11354.0244140625,11861.556640625,11915.6552734375,18125355447,11323.8984375,11354.0244140625
2019-08-11 00:00:00,11523.5791015625,11349.740234375,11523.5791015625,15774371518,11248.294921875,11523.5791015625
2019-08-12 00:00:00,11382.6162109375,11528.189453125,11528.189453125,13647198229,11320.951171875,11382.6162109375
2019-08-13 00:00:00,10895.830078125,11385.052734375,11420.0498046875,16681503537,10830.3271484375,10895.830078125
2019-08-14 00:00:00,10051.7041015625,10889.4873046875,10889.556640625,19990838300,10028.1357421875,10051.7041015625
2019-08-15 00:00:00,10311.5458984375,10038.421875,10437.4111328125,22899115082,9675.31640625,10311.5458984375
2019-08-16 00:00:00,10374.3388671875,10319.419921875,10524.349609375,20228207096,9855.478515625,10374.3388671875
2019-08-17 00:00:00,10231.744140625,10358.72265625,10452.625,13778035685,10086.6982421875,10231.744140625
2019-08-18 00:00:00,10345.810546875,10233.005859375,10487.0703125,12999813869,10119.0947265625,10345.810546875
2019-08-19 00:00:00,10916.0537109375,10350.283203125,10916.0537109375,16038264603,10313.2041015625,10916.0537109375
2019-08-20 00:00:00,10763.232421875,10916.3466796875,10947.0419921875,15053082175,10618.9609375,10763.232421875
2019-08-21 00:00:00,10138.0498046875,10764.572265625,10798.7294921875,19473084768,9962.7216796875,10138.0498046875
2019-08-22 00:00:00,10131.0556640625,10142.521484375,10232.99609375,17097508856,9831.462890625,10131.0556640625
2019-08-23 00:00:00,10407.96484375,10136.3095703125,10442.443359375,15627023886,10078.1923828125,10407.96484375
2019-08-24 00:00:00,10159.9609375,10407.64453125,10418.0205078125,15451030650,9982.296875,10159.9609375
2019-08-25 00:00:00,10138.517578125,10160.7373046875,10304.6220703125,14153856610,10008.7890625,10138.517578125
2019-08-26 00:00:00,10370.8203125,10126.2998046875,10512.328125,18438654080,10126.2998046875,10370.8203125
2019-08-27 00:00:00,10185.5,10372.826171875,10381.328125,14762609503,10087.30078125,10185.5
2019-08-28 00:00:00,9754.4228515625,10203.4267578125,10279.3662109375,17603790323,9716.65625,9754.4228515625
2019-08-29 00:00:00,9510.2001953125,9756.7861328125,9756.7861328125,17045878501,9421.6298828125,9510.2001953125
2019-08-30 00:00:00,9598.173828125,9514.8447265625,9656.1240234375,13595263986,9428.302734375,9598.173828125
2019-08-31 00:00:00,9630.6640625,9597.5390625,9673.220703125,11454806419,9531.7998046875,9630.6640625
2019-09-01 00:00:00,9757.970703125,9630.5927734375,9796.755859375,11445355859,9582.9443359375,9757.970703125
2019-09-02 00:00:00,10346.7607421875,9757.4736328125,10396.591796875,17248102294,9730.650390625,10346.7607421875
2019-09-03 00:00:00,10623.5400390625,10345.7255859375,10736.1044921875,19384917989,10308.5478515625,10623.5400390625
2019-09-04 00:00:00,10594.4931640625,10621.1806640625,10762.64453125,16742664769,10434.7099609375,10594.4931640625
2019-09-05 00:00:00,10575.533203125,10588.18359375,10627.26953125,14551239508,10516.41796875,10575.533203125
2019-09-06 00:00:00,10353.302734375,10578.1982421875,10898.76171875,19536574783,10292.2998046875,10353.302734375
2019-09-07 00:00:00,10517.2548828125,10353.931640625,10558.673828125,15307366476,10348.9189453125,10517.2548828125
2019-09-08 00:00:00,10441.2763671875,10518.1142578125,10595.6376953125,13670567493,10409.0908203125,10441.2763671875
2019-09-09 00:00:00,10334.974609375,10443.228515625,10450.3115234375,17595943368,10144.9296875,10334.974609375
2019-09-10 00:00:00,10115.9755859375,10336.408203125,10394.353515625,14906809639,10020.5732421875,10115.9755859375
2019-09-11 00:00:00,10178.3720703125,10123.03515625,10215.9482421875,15428063426,9980.7763671875,10178.3720703125
2019-09-12 00:00:00,10410.126953125,10176.8193359375,10442.25390625,15323563925,10099.2421875,10410.126953125
2019-09-13 00:00:00,10360.546875,10415.3623046875,10441.4892578125,14109864675,10226.5966796875,10360.546875
2019-09-14 00:00:00,10358.048828125,10345.4033203125,10422.1337890625,13468713124,10291.6943359375,10358.048828125
2019-09-15 00:00:00,10347.712890625,10356.4658203125,10387.03515625,12043433567,10313.0927734375,10347.712890625
2019-09-16 00:00:00,10276.7939453125,10347.22265625,10386.8671875,15160167779,10189.744140625,10276.7939453125
2019-09-17 00:00:00,10241.2724609375,10281.513671875,10296.771484375,15304603363,10199.7392578125,10241.2724609375
2019-09-18 00:00:00,10198.248046875,10247.7958984375,10275.9287109375,16169268880,10191.4697265625,10198.248046875
2019-09-19 00:00:00,10266.4150390625,10200.49609375,10295.6689453125,19937691247,9851.6923828125,10266.4150390625
2019-09-20 00:00:00,10181.6416015625,10266.318359375,10285.8720703125,14734189639,10132.1865234375,10181.6416015625
2019-09-21 00:00:00,10019.716796875,10183.6484375,10188.09765625,13425266806,10000.7080078125,10019.716796875
2019-09-22 00:00:00,10070.392578125,10024.115234375,10074.4443359375,13199651698,9922.533203125,10070.392578125
2019-09-23 00:00:00,9729.32421875,10067.962890625,10074.23828125,15144925408,9727.1435546875,9729.32421875
2019-09-24 00:00:00,8620.56640625,9729.3212890625,9804.3173828125,25002886689,8370.8017578125,8620.56640625
2019-09-25 00:00:00,8486.9931640625,8603.4287109375,8744.828125,21744728353,8325.396484375,8486.9931640625
2019-09-26 00:00:00,8118.9677734375,8487.669921875,8515.685546875,19258205289,7895.62939453125,8118.9677734375
2019-09-27 00:00:00,8251.845703125,8113.10107421875,8271.5205078125,16408941156,7965.9228515625,8251.845703125
2019-09-28 00:00:00,8245.9150390625,8251.2734375,8285.6171875,14141152736,8125.431640625,8245.9150390625
2019-09-29 00:00:00,8104.185546875,8246.037109375,8261.70703125,13034629109,7990.4970703125,8104.185546875
2019-09-30 00:00:00,8293.8681640625,8104.2265625,8314.2314453125,17115474183,7830.7587890625,8293.8681640625
2019-10-01 00:00:00,8343.2763671875,8299.720703125,8497.6923828125,15305343413,8232.6796875,8343.2763671875
2019-10-02 00:00:00,8393.0419921875,8344.212890625,8393.0419921875,13125712443,8227.6953125,8393.0419921875
2019-10-03 00:00:00,8259.9921875,8390.7744140625,8414.2275390625,13668823409,8146.43701171875,8259.9921875
2019-10-04 00:00:00,8205.939453125,8259.494140625,8260.0556640625,13139456229,8151.23681640625,8205.939453125
2019-10-05 00:00:00,8151.50048828125,8210.1494140625,8215.5263671875,12200497197,8071.12060546875,8151.50048828125
2019-10-06 00:00:00,7988.15576171875,8149.876953125,8161.41015625,13160830305,7958.8505859375,7988.15576171875
2019-10-07 00:00:00,8245.623046875,7989.12060546875,8308.4501953125,18009742607,7905.76611328125,8245.623046875
2019-10-08 00:00:00,8228.783203125,8246.849609375,8332.71484375,15592264032,8185.76318359375,8228.783203125
2019-10-09 00:00:00,8595.740234375,8229.8408203125,8627.7060546875,19384942333,8169.298828125,8595.740234375
2019-10-10 00:00:00,8586.4736328125,8585.2802734375,8625.2724609375,17618660671,8471.93359375,8586.4736328125
2019-10-11 00:00:00,8321.7568359375,8585.2626953125,8721.7802734375,19604381101,8316.181640625,8321.7568359375
2019-10-12 00:00:00,8336.5556640625,8315.6650390625,8415.2421875,14532641605,8313.3408203125,8336.5556640625
2019-10-13 00:00:00,8321.005859375,8336.90234375,8470.98828125,13808286059,8276.6123046875,8321.005859375
2019-10-14 00:00:00,8374.6865234375,8320.83203125,8390.208984375,15151387859,8284.130859375,8374.6865234375
2019-10-15 00:00:00,8205.369140625,8373.4580078125,8410.71484375,15220412632,8182.70654296875,8205.369140625
2019-10-16 00:00:00,8047.52685546875,8204.6748046875,8216.8125,16071646996,7985.08984375,8047.52685546875
2019-10-17 00:00:00,8103.9111328125,8047.8125,8134.83154296875,14313052244,8000.94287109375,8103.9111328125
2019-10-18 00:00:00,7973.20751953125,8100.93359375,8138.41357421875,15651592610,7902.1640625,7973.20751953125
2019-10-19 00:00:00,7988.560546875,7973.8037109375,8082.62939453125,13797825640,7944.77685546875,7988.560546875
2019-10-20 00:00:00,8222.078125,7997.80712890625,8281.818359375,15504249442,7949.439453125,8222.078125
2019-10-21 00:00:00,8243.720703125,8225.115234375,8296.6943359375,15868748866,8196.416015625,8243.720703125
2019-10-22 00:00:00,8078.203125,8243.40234375,8296.6513671875,16803377857,8074.462890625,8078.203125
2019-10-23 00:00:00,7514.671875,8076.228515625,8092.99951171875,21942878958,7469.32275390625,7514.671875
2019-10-24 00:00:00,7493.48876953125,7509.72802734375,7532.86767578125,16268708849,7446.98876953125,7493.48876953125
2019-10-25 00:00:00,8660.7001953125,7490.703125,8691.5400390625,28705065488,7479.984375,8660.7001953125
2019-10-26 00:00:00,9244.97265625,8667.5771484375,10021.744140625,44496255609,8662.6220703125,9244.97265625
2019-10-27 00:00:00,9551.71484375,9241.70703125,9749.529296875,32593129501,9112.5419921875,9551.71484375
2019-10-28 00:00:00,9256.1484375,9565.1015625,9805.1181640625,30948255332,9256.1484375,9256.1484375
2019-10-29 00:00:00,9427.6875,9248.4404296875,9516.1806640625,28426779937,9232.6484375,9427.6875
2019-10-30 00:00:00,9205.7265625,9422.462890625,9426.8740234375,27706531577,9085.3701171875,9205.7265625
2019-10-31 00:00:00,9199.5849609375,9202.4580078125,9383.1611328125,26583653947,9028.7177734375,9199.5849609375
2019-11-01 00:00:00,9261.1044921875,9193.9921875,9275.6572265625,24324691031,9132.0478515625,9261.1044921875
2019-11-02 00:00:00,9324.7177734375,9259.783203125,9377.486328125,21242676385,9249.587890625,9324.7177734375
2019-11-03 00:00:00,9235.3544921875,9324.787109375,9379.806640625,21132220847,9141.251953125,9235.3544921875
2019-11-04 00:00:00,9412.6123046875,9235.607421875,9505.0517578125,26170255634,9191.4853515625,9412.6123046875
2019-11-05 00:00:00,9342.52734375,9413.0048828125,9457.41796875,26198609048,9256.931640625,9342.52734375
2019-11-06 00:00:00,9360.8798828125,9340.8642578125,9423.2373046875,23133895765,9305.9091796875,9360.8798828125
2019-11-07 00:00:00,9267.5615234375,9352.3935546875,9368.4765625,22700383839,9202.353515625,9267.5615234375
2019-11-08 00:00:00,8804.880859375,9265.3681640625,9272.759765625,24333037836,8775.5341796875,8804.880859375
2019-11-09 00:00:00,8813.58203125,8809.46875,8891.818359375,17578630606,8793.1630859375,8813.58203125
2019-11-10 00:00:00,9055.5263671875,8812.4892578125,9103.826171875,20587919881,8806.162109375,9055.5263671875
2019-11-11 00:00:00,8757.7880859375,9056.91796875,9081.279296875,20265510765,8700.6083984375,8757.7880859375
2019-11-12 00:00:00,8815.662109375,8759.751953125,8853.7685546875,20309769107,8685.427734375,8815.662109375
2019-11-13 00:00:00,8808.2626953125,8812.033203125,8836.841796875,17545755405,8761.6513671875,8808.2626953125
2019-11-14 00:00:00,8708.0947265625,8811.9365234375,8826.943359375,19084739975,8692.5517578125,8708.0947265625
2019-11-15 00:00:00,8491.9921875,8705.7080078125,8730.873046875,21796856471,8484.84375,8491.9921875
2019-11-16 00:00:00,8550.7607421875,8491.166015625,8591.9970703125,16495389808,8473.9736328125,8550.7607421875
2019-11-17 00:00:00,8577.9755859375,8549.470703125,8727.7890625,18668638897,8500.9677734375,8577.9755859375
2019-11-18 00:00:00,8309.2861328125,8573.98046875,8653.2802734375,21579470673,8273.5732421875,8309.2861328125
2019-11-19 00:00:00,8206.1455078125,8305.134765625,8408.5166015625,21083613816,8099.96337890625,8206.1455078125
2019-11-20 00:00:00,8027.26806640625,8203.61328125,8237.240234375,20764300437,8010.51171875,8027.26806640625
2019-11-21 00:00:00,7642.75,8023.64453125,8110.09814453125,22514243371,7597.3818359375,7642.75
2019-11-22 00:00:00,7296.57763671875,7643.5693359375,7697.3828125,34242315785,6936.70654296875,7296.57763671875
2019-11-23 00:00:00,7397.796875,7296.16455078125,7442.2587890625,21008924418,7151.41796875,7397.796875
2019-11-24 00:00:00,7047.9169921875,7398.6337890625,7408.5771484375,30433517289,7029.2890625,7047.9169921875
2019-11-25 00:00:00,7146.1337890625,7039.97705078125,7319.85693359375,42685231262,6617.1669921875,7146.1337890625
2019-11-26 00:00:00,7218.37109375,7145.1591796875,7320.23046875,21129505542,7098.572265625,7218.37109375
2019-11-27 00:00:00,7531.66357421875,7220.880859375,7619.693359375,23991412764,6974.17431640625,7531.66357421875
2019-11-28 00:00:00,7463.10595703125,7536.8203125,7730.07275390625,19050116751,7454.12158203125,7463.10595703125
2019-11-29 00:00:00,7761.24365234375,7466.72705078125,7781.1796875,19709695456,7460.75634765625,7761.24365234375
2019-11-30 00:00:00,7569.6298828125,7764.05712890625,7836.10205078125,17158194786,7515.849609375,7569.6298828125
2019-12-01 00:00:00,7424.29248046875,7571.6162109375,7571.6162109375,18720708479,7291.341796875,7424.29248046875
2019-12-02 00:00:00,7321.98828125,7424.0361328125,7474.81884765625,17082040706,7233.3994140625,7321.98828125
2019-12-03 00:00:00,7320.1455078125,7323.9755859375,7418.85888671875,14797485769,7229.35693359375,7320.1455078125
2019-12-04 00:00:00,7252.03466796875,7320.125,7539.78466796875,21664240918,7170.9228515625,7252.03466796875
2019-12-05 00:00:00,7448.3076171875,7253.24169921875,7743.431640625,18816085231,7232.6767578125,7448.3076171875
2019-12-06 00:00:00,7546.99658203125,7450.5615234375,7546.99658203125,18104466307,7392.17529296875,7546.99658203125
2019-12-07 00:00:00,7556.23779296875,7547.265625,7589.95166015625,15453520564,7525.71142578125,7556.23779296875
2019-12-08 00:00:00,7564.34521484375,7551.3388671875,7634.6064453125,15409908086,7476.09130859375,7564.34521484375
2019-12-09 00:00:00,7400.8994140625,7561.79541015625,7618.091796875,17872021272,7365.9853515625,7400.8994140625
2019-12-10 00:00:00,7278.11962890625,7397.13427734375,7424.02294921875,18249031195,7246.0439453125,7278.11962890625
2019-12-11 00:00:00,7217.42724609375,7277.19775390625,7324.15625,16350490689,7195.52734375,7217.42724609375
2019-12-12 00:00:00,7243.13427734375,7216.73876953125,7266.6396484375,18927080224,7164.7412109375,7243.13427734375
2019-12-13 00:00:00,7269.6845703125,7244.662109375,7293.560546875,17125736940,7227.12255859375,7269.6845703125
2019-12-14 00:00:00,7124.673828125,7268.90283203125,7308.83642578125,17137029730,7097.208984375,7124.673828125
2019-12-15 00:00:00,7152.3017578125,7124.23974609375,7181.07568359375,16881129804,6924.3759765625,7152.3017578125
2019-12-16 00:00:00,6932.48046875,7153.6630859375,7171.1689453125,20213265950,6903.6826171875,6932.48046875
2019-12-17 00:00:00,6640.51513671875,6931.3154296875,6964.0751953125,22363804217,6587.97412109375,6640.51513671875
2019-12-18 00:00:00,7276.802734375,6647.6982421875,7324.98486328125,31836522778,6540.04931640625,7276.802734375
2019-12-19 00:00:00,7202.84423828125,7277.5908203125,7346.6025390625,25904604416,7041.3818359375,7202.84423828125
2019-12-20 00:00:00,7218.81640625,7208.63671875,7257.921875,22633815180,7086.1240234375,7218.81640625
2019-12-21 00:00:00,7191.15869140625,7220.59375,7223.22607421875,19312552168,7112.73583984375,7191.15869140625
2019-12-22 00:00:00,7511.5888671875,7191.1884765625,7518.033203125,23134537956,7167.17919921875,7511.5888671875
2019-12-23 00:00:00,7355.62841796875,7508.90234375,7656.17626953125,27831788041,7326.1923828125,7355.62841796875
2019-12-24 00:00:00,7322.5322265625,7354.39306640625,7535.716796875,22991622105,7269.52880859375,7322.5322265625
2019-12-25 00:00:00,7275.15576171875,7325.755859375,7357.02001953125,21559505149,7220.9912109375,7275.15576171875
2019-12-26 00:00:00,7238.966796875,7274.79931640625,7388.302734375,22787010034,7200.38671875,7238.966796875
2019-12-27 00:00:00,7290.08837890625,7238.14111328125,7363.529296875,22777360996,7189.93408203125,7290.08837890625
2019-12-28 00:00:00,7317.990234375,7289.03125,7399.041015625,21365673026,7286.9052734375,7317.990234375
2019-12-29 00:00:00,7422.65283203125,7317.6474609375,7513.9482421875,22445257702,7279.865234375,7422.65283203125
2019-12-30 00:00:00,7292.9951171875,7420.27294921875,7454.82421875,22874131672,7276.30810546875,7292.9951171875
2019-12-31 00:00:00,7193.59912109375,7294.43896484375,7335.2900390625,21167946112,7169.77783203125,7193.59912109375
2020-01-01 00:00:00,7200.17431640625,7194.89208984375,7254.33056640625,18565664997,7174.9443359375,7200.17431640625
2020-01-02 00:00:00,6985.47021484375,7202.55126953125,7212.1552734375,20802083465,6935.27001953125,6985.47021484375
2020-01-03 00:00:00,7344.88427734375,6984.4287109375,7413.71533203125,28111481032,6914.99609375,7344.88427734375
2020-01-04 00:00:00,7410.65673828125,7345.37548828125,7427.3857421875,18444271275,7309.51416015625,7410.65673828125
2020-01-05 00:00:00,7411.3173828125,7410.45166015625,7544.4970703125,19725074095,7400.53564453125,7411.3173828125
2020-01-06 00:00:00,7769.21923828125,7410.4521484375,7781.8671875,23276261598,7409.29296875,7769.21923828125
2020-01-07 00:00:00,8163.6923828125,7768.68212890625,8178.2158203125,28767291327,7768.2275390625,8163.6923828125
2020-01-08 00:00:00,8079.86279296875,8161.935546875,8396.73828125,31672559265,7956.7744140625,8079.86279296875
2020-01-09 00:00:00,7879.0712890625,8082.2958984375,8082.2958984375,24045990466,7842.40380859375,7879.0712890625
2020-01-10 00:00:00,8166.55419921875,7878.3076171875,8166.55419921875,28714583844,7726.77490234375,8166.55419921875
2020-01-11 00:00:00,8037.53759765625,8162.19091796875,8218.359375,25521165085,8029.64208984375,8037.53759765625
2020-01-12 00:00:00,8192.494140625,8033.26171875,8200.0634765625,22903438381,8009.05908203125,8192.494140625
2020-01-13 00:00:00,8144.1943359375,8189.77197265625,8197.7880859375,22482910688,8079.70068359375,8144.1943359375
2020-01-14 00:00:00,8827.7646484375,8140.93310546875,8879.51171875,44841784107,8140.93310546875,8827.7646484375
2020-01-15 00:00:00,8807.0107421875,8825.34375,8890.1171875,40102834650,8657.1875,8807.0107421875
2020-01-16 00:00:00,8723.7861328125,8812.4814453125,8846.4609375,31313981931,8612.095703125,8723.7861328125
2020-01-17 00:00:00,8929.0380859375,8725.2099609375,8958.1220703125,36372139320,8677.31640625,8929.0380859375
2020-01-18 00:00:00,8942.80859375,8927.2119140625,9012.1982421875,32337772627,8827.33203125,8942.80859375
2020-01-19 00:00:00,8706.2451171875,8941.4453125,9164.3623046875,34217320471,8620.080078125,8706.2451171875
2020-01-20 00:00:00,8657.642578125,8704.6318359375,8745.5908203125,26422375678,8560.4736328125,8657.642578125
2020-01-21 00:00:00,8745.89453125,8658.9912109375,8755.7060546875,24097418512,8544.5205078125,8745.89453125
2020-01-22 00:00:00,8680.8759765625,8744.2109375,8792.994140625,22600204051,8636.7470703125,8680.8759765625
2020-01-23 00:00:00,8406.515625,8680.650390625,8687.7470703125,25770680779,8333.6376953125,8406.515625
2020-01-24 00:00:00,8445.4345703125,8405.5673828125,8514.6669921875,24397913026,8266.8408203125,8445.4345703125
2020-01-25 00:00:00,8367.84765625,8440.119140625,8458.453125,19647331549,8296.21875,8367.84765625
2020-01-26 00:00:00,8596.830078125,8364.41015625,8602.4013671875,22177678796,8325.498046875,8596.830078125
2020-01-27 00:00:00,8909.8193359375,8597.30859375,8977.7265625,28647338393,8597.30859375,8909.8193359375
2020-01-28 00:00:00,9358.58984375,8912.5244140625,9358.58984375,34398744403,8908.447265625,9358.58984375
2020-01-29 00:00:00,9316.6298828125,9357.470703125,9406.431640625,30682598115,9269.4677734375,9316.6298828125
2020-01-30 00:00:00,9508.9931640625,9316.0166015625,9553.1259765625,32378792851,9230.8974609375,9508.9931640625
2020-01-31 00:00:00,9350.529296875,9508.3134765625,9521.7060546875,29432489719,9230.7763671875,9350.529296875
2020-02-01 00:00:00,9392.875,9346.357421875,9439.3232421875,25922656496,9313.2392578125,9392.875
2020-02-02 00:00:00,9344.365234375,9389.8203125,9468.7978515625,30835736946,9217.82421875,9344.365234375
2020-02-03 00:00:00,9293.521484375,9344.68359375,9540.3720703125,30934096509,9248.6337890625,9293.521484375
2020-02-04 00:00:00,9180.962890625,9292.841796875,9331.265625,29893183716,9112.8115234375,9180.962890625
2020-02-05 00:00:00,9613.423828125,9183.416015625,9701.2998046875,35222060874,9163.7041015625,9613.423828125
2020-02-06 00:00:00,9729.8017578125,9617.8212890625,9824.619140625,37628823716,9539.818359375,9729.8017578125
2020-02-07 00:00:00,9795.943359375,9726.0029296875,9834.716796875,34522718159,9726.0029296875,9795.943359375
2020-02-08 00:00:00,9865.119140625,9793.0703125,9876.7490234375,35172043762,9678.91015625,9865.119140625
2020-02-09 00:00:00,10116.673828125,9863.89453125,10129.435546875,35807884663,9850.392578125,10116.673828125
2020-02-10 00:00:00,9856.611328125,10115.5595703125,10165.765625,39386548075,9784.5634765625,9856.611328125
2020-02-11 00:00:00,10208.236328125,9855.8916015625,10210.052734375,37648059389,9729.3349609375,10208.236328125
2020-02-12 00:00:00,10326.0546875,10202.3876953125,10393.611328125,43444303830,10202.3876953125,10326.0546875
2020-02-13 00:00:00,10214.3798828125,10323.9609375,10457.626953125,49356071373,10116.1611328125,10214.3798828125
2020-02-14 00:00:00,10312.1162109375,10211.55078125,10321.99609375,43338264162,10125.5341796875,10312.1162109375
2020-02-15 00:00:00,9889.4248046875,10313.8564453125,10341.5556640625,43865054831,9874.427734375,9889.4248046875
2020-02-16 00:00:00,9934.43359375,9889.1796875,10053.96875,43374780305,9722.38671875,9934.43359375
2020-02-17 00:00:00,9690.142578125,9936.560546875,9938.8154296875,45998298413,9507.6376953125,9690.142578125
2020-02-18 00:00:00,10141.99609375,9691.23046875,10161.935546875,47271023953,9632.3828125,10141.99609375
2020-02-19 00:00:00,9633.38671875,10143.798828125,10191.67578125,46992019710,9611.2236328125,9633.38671875
2020-02-20 00:00:00,9608.4755859375,9629.3251953125,9643.216796875,44925260237,9507.900390625,9608.4755859375
2020-02-21 00:00:00,9686.44140625,9611.7822265625,9723.0146484375,40930547513,9589.7431640625,9686.44140625
2020-02-22 00:00:00,9663.181640625,9687.70703125,9698.2314453125,35838025154,9600.728515625,9663.181640625
2020-02-23 00:00:00,9924.515625,9663.318359375,9937.404296875,41185185761,9657.791015625,9924.515625
2020-02-24 00:00:00,9650.1748046875,9921.5830078125,9951.74609375,45080496648,9537.04296875,9650.1748046875
2020-02-25 00:00:00,9341.705078125,9651.3125,9652.7373046875,42515259129,9305.021484375,9341.705078125
2020-02-26 00:00:00,8820.5224609375,9338.2900390625,9354.7783203125,50420050762,8704.4267578125,8820.5224609375
2020-02-27 00:00:00,8784.494140625,8825.09375,8932.892578125,45470195695,8577.19921875,8784.494140625
2020-02-28 00:00:00,8672.455078125,8788.728515625,8890.4560546875,44605450443,8492.9326171875,8672.455078125
2020-02-29 00:00:00,8599.5087890625,8671.212890625,8775.6318359375,35792392544,8599.5087890625,8599.5087890625
2020-03-01 00:00:00,8562.4541015625,8599.7587890625,8726.796875,35349164300,8471.212890625,8562.4541015625
2020-03-02 00:00:00,8869.669921875,8563.2646484375,8921.30859375,42857674409,8532.630859375,8869.669921875
2020-03-03 00:00:00,8787.7861328125,8865.3876953125,8901.5986328125,42386715821,8704.990234375,8787.7861328125
2020-03-04 00:00:00,8755.24609375,8788.5419921875,8843.3662109375,34746706368,8712.431640625,8755.24609375
2020-03-05 00:00:00,9078.7626953125,8760.28515625,9142.0546875,39698054597,8757.25390625,9078.7626953125
2020-03-06 00:00:00,9122.5458984375,9078.30859375,9167.6953125,40826885651,9032.0791015625,9122.5458984375
2020-03-07 00:00:00,8909.9541015625,9121.6005859375,9163.220703125,36216930370,8890.744140625,8909.9541015625
2020-03-08 00:00:00,8108.1162109375,8908.2060546875,8914.34375,39973102121,8105.2529296875,8108.1162109375
2020-03-09 00:00:00,7923.64453125,8111.146484375,8177.79345703125,46936995808,7690.09814453125,7923.64453125
2020-03-10 00:00:00,7909.7294921875,7922.14697265625,8136.9453125,42213940994,7814.76318359375,7909.7294921875
2020-03-11 00:00:00,7911.43017578125,7910.08984375,7950.814453125,38682762605,7642.8125,7911.43017578125
2020-03-12 00:00:00,4970.7880859375,7913.6162109375,7929.1162109375,53980357243,4860.35400390625,4970.7880859375
2020-03-13 00:00:00,5563.70703125,5017.8310546875,5838.11474609375,74156772075,4106.98095703125,5563.70703125
2020-03-14 00:00:00,5200.3662109375,5573.07763671875,5625.2265625,36154506008,5125.0693359375,5200.3662109375
2020-03-15 00:00:00,5392.31494140625,5201.06689453125,5836.64501953125,33997889639,5169.283203125,5392.31494140625
2020-03-16 00:00:00,5014.47998046875,5385.2294921875,5385.2294921875,45368026430,4575.35791015625,5014.47998046875
2020-03-17 00:00:00,5225.62939453125,5002.578125,5371.3486328125,38622642935,4981.9091796875,5225.62939453125
2020-03-18 00:00:00,5238.4384765625,5227.11376953125,5331.833984375,37878801016,5069.3359375,5238.4384765625
2020-03-19 00:00:00,6191.19287109375,5245.41650390625,6329.73583984375,51000731797,5236.96875,6191.19287109375
2020-03-20 00:00:00,6198.7783203125,6191.65380859375,6844.26171875,54442976103,5865.78173828125,6198.7783203125
2020-03-21 00:00:00,6185.06640625,6206.521484375,6378.13525390625,42494390880,5932.8232421875,6185.06640625
2020-03-22 00:00:00,5830.2548828125,6185.55810546875,6359.697265625,40099664740,5823.7138671875,5830.2548828125
2020-03-23 00:00:00,6416.31494140625,5831.37451171875,6443.9345703125,46491916000,5785.00439453125,6416.31494140625
2020-03-24 00:00:00,6734.8037109375,6436.642578125,6789.02294921875,48221910672,6411.06640625,6734.8037109375
2020-03-25 00:00:00,6681.06298828125,6738.716796875,6892.51123046875,44590107888,6536.92626953125,6681.06298828125
2020-03-26 00:00:00,6716.4404296875,6675.1708984375,6735.4638671875,35319797642,6590.962890625,6716.4404296875
2020-03-27 00:00:00,6469.79833984375,6719.38916015625,6793.83642578125,34585598367,6466.70166015625,6469.79833984375
2020-03-28 00:00:00,6242.19384765625,6467.25390625,6467.5009765625,34885225901,6117.837890625,6242.19384765625
2020-03-29 00:00:00,5922.04296875,6245.62451171875,6250.46728515625,28373690931,5920.0859375,5922.04296875
2020-03-30 00:00:00,6429.841796875,5925.53857421875,6517.19580078125,37101651525,5903.234375,6429.841796875
2020-03-31 00:00:00,6438.64453125,6430.6064453125,6504.51513671875,32786468812,6374.162109375,6438.64453125
2020-04-01 00:00:00,6606.7763671875,6437.3193359375,6612.57373046875,40346426266,6202.37353515625,6606.7763671875
2020-04-02 00:00:00,6793.62451171875,6606.7763671875,7088.24755859375,47660646124,6595.91845703125,6793.62451171875
2020-04-03 00:00:00,6733.38720703125,6797.396484375,7003.220703125,38976504903,6673.3359375,6733.38720703125
2020-04-04 00:00:00,6867.52734375,6738.3828125,6878.95361328125,33185988584,6696.48486328125,6867.52734375
2020-04-05 00:00:00,6791.12939453125,6862.53759765625,6883.4140625,29510409856,6715.92919921875,6791.12939453125
2020-04-06 00:00:00,7271.78125,6788.0498046875,7271.78125,46896904615,6782.8896484375,7271.78125
2020-04-07 00:00:00,7176.41455078125,7273.64404296875,7427.939453125,44243482668,7136.71435546875,7176.41455078125
2020-04-08 00:00:00,7334.0986328125,7179.283203125,7356.2236328125,37563249549,7153.3056640625,7334.0986328125
2020-04-09 00:00:00,7302.08935546875,7337.96630859375,7341.4482421875,34815139178,7179.09423828125,7302.08935546875
2020-04-10 00:00:00,6865.4931640625,7303.8154296875,7303.8154296875,43622840992,6802.47509765625,6865.4931640625
2020-04-11 00:00:00,6859.0830078125,6867.4404296875,6926.06982421875,31222085946,6789.9208984375,6859.0830078125
2020-04-12 00:00:00,6971.091796875,6858.06787109375,7119.947265625,35759567632,6811.078125,6971.091796875
2020-04-13 00:00:00,6845.03759765625,6965.61669921875,6965.61669921875,38619308647,6668.259765625,6845.03759765625
2020-04-14 00:00:00,6842.427734375,6843.28173828125,6958.55712890625,34110434052,6793.8212890625,6842.427734375
2020-04-15 00:00:00,6642.10986328125,6845.5615234375,6928.66455078125,32288311031,6633.40283203125,6642.10986328125
2020-04-16 00:00:00,7116.80419921875,6640.4541015625,7134.45068359375,46783242377,6555.50439453125,7116.80419921875
2020-04-17 00:00:00,7096.1845703125,7116.552734375,7167.18310546875,32513423567,7050.33203125,7096.1845703125
2020-04-18 00:00:00,7257.6650390625,7092.29150390625,7269.95654296875,32447188386,7089.2470703125,7257.6650390625
2020-04-19 00:00:00,7189.4248046875,7260.92236328125,7280.52197265625,31311210215,7167.0546875,7189.4248046875
2020-04-20 00:00:00,6881.95849609375,7186.87353515625,7240.29052734375,37747113936,6835.5029296875,6881.95849609375
2020-04-21 00:00:00,6880.3232421875,6879.7841796875,6934.5517578125,32589741511,6834.4423828125,6880.3232421875
2020-04-22 00:00:00,7117.20751953125,6879.4404296875,7145.86572265625,33249153866,6867.78173828125,7117.20751953125
2020-04-23 00:00:00,7429.724609375,7121.30615234375,7491.78515625,43500782316,7081.5947265625,7429.724609375
2020-04-24 00:00:00,7550.90087890625,7434.181640625,7574.19580078125,34636526286,7434.181640625,7550.90087890625
2020-04-25 00:00:00,7569.93603515625,7550.48291015625,7641.36376953125,32941541447,7521.67236328125,7569.93603515625
2020-04-26 00:00:00,7679.8671875,7570.13916015625,7700.59423828125,33070154491,7561.40771484375,7679.8671875
2020-04-27 00:00:00,7795.60107421875,7679.4189453125,7795.60107421875,36162144725,7679.4189453125,7795.60107421875
2020-04-28 00:00:00,7807.05859375,7796.97021484375,7814.52734375,33187959921,7730.806640625,7807.05859375
2020-04-29 00:00:00,8801.0380859375,7806.71240234375,8871.75390625,60201052203,7786.04931640625,8801.0380859375
2020-04-30 00:00:00,8658.5537109375,8797.669921875,9440.650390625,66964629541,8533.255859375,8658.5537109375
2020-05-01 00:00:00,8864.7666015625,8672.7822265625,9048.0234375,44068389997,8667.763671875,8864.7666015625
2020-05-02 00:00:00,8988.5966796875,8869.0576171875,9007.1875,40134388683,8811.3662109375,8988.5966796875
2020-05-03 00:00:00,8897.46875,8983.6142578125,9167.78125,47101785174,8830.9716796875,8897.46875
2020-05-04 00:00:00,8912.654296875,8895.7451171875,8956.90625,45718796276,8645.0244140625,8912.654296875
2020-05-05 00:00:00,9003.0703125,8912.83203125,9062.4150390625,43148462663,8856.8271484375,9003.0703125
2020-05-06 00:00:00,9268.76171875,9007.44140625,9411.4677734375,49371886931,8966.7060546875,9268.76171875
2020-05-07 00:00:00,9951.5185546875,9261.8955078125,9992.6640625,61112700562,9138.322265625,9951.5185546875
2020-05-08 00:00:00,9842.666015625,9936.162109375,9996.7431640625,51780748042,9767.1728515625,9842.666015625
2020-05-09 00:00:00,9593.896484375,9840.90625,9913.86328125,46566121841,9580.64453125,9593.896484375
2020-05-10 00:00:00,8756.4306640625,9591.1689453125,9595.5810546875,63325279337,8395.107421875,8756.4306640625
2020-05-11 00:00:00,8601.7958984375,8755.53515625,9033.470703125,57119858802,8374.3232421875,8601.7958984375
2020-05-12 00:00:00,8804.4775390625,8610.3857421875,8949.8984375,42142717533,8569.6435546875,8804.4775390625
2020-05-13 00:00:00,9269.9873046875,8805.3876953125,9317.87890625,45558144023,8805.3876953125,9269.9873046875
2020-05-14 00:00:00,9733.7216796875,9271.3291015625,9793.2685546875,56426907637,9255.03515625,9733.7216796875
2020-05-15 00:00:00,9328.197265625,9734.291015625,9755.828125,48158802327,9261.3984375,9328.197265625
2020-05-16 00:00:00,9377.013671875,9333.240234375,9564.205078125,36164766408,9260.6943359375,9377.013671875
2020-05-17 00:00:00,9670.7392578125,9374.9296875,9823.001953125,40084250663,9349.5458984375,9670.7392578125
2020-05-18 00:00:00,9726.5751953125,9675.6953125,9906.0302734375,41827139896,9570.359375,9726.5751953125
2020-05-19 00:00:00,9729.0380859375,9727.0634765625,9836.0478515625,39254288955,9539.6240234375,9729.0380859375
2020-05-20 00:00:00,9522.9814453125,9725.3291015625,9804.7939453125,36546239703,9447.201171875,9522.9814453125
2020-05-21 00:00:00,9081.76171875,9522.740234375,9555.2421875,39326160532,8869.9306640625,9081.76171875
2020-05-22 00:00:00,9182.5771484375,9080.3349609375,9232.9365234375,29810773699,9008.638671875,9182.5771484375
2020-05-23 00:00:00,9209.287109375,9185.0625,9302.501953125,27727866812,9118.1083984375,9209.287109375
2020-05-24 00:00:00,8790.3681640625,9212.283203125,9288.404296875,32518803300,8787.2509765625,8790.3681640625
2020-05-25 00:00:00,8906.9345703125,8786.107421875,8951.005859375,31288157264,8719.66796875,8906.9345703125
2020-05-26 00:00:00,8835.052734375,8909.5859375,8991.9677734375,29584186947,8757.2939453125,8835.052734375
2020-05-27 00:00:00,9181.017578125,8837.380859375,9203.3203125,32740536902,8834.1572265625,9181.017578125
2020-05-28 00:00:00,9525.7509765625,9184.9453125,9546.3193359375,34367073114,9148.45703125,9525.7509765625
2020-05-29 00:00:00,9439.1240234375,9528.35546875,9573.6669921875,32896642044,9379.3388671875,9439.1240234375
2020-05-30 00:00:00,9700.4140625,9438.9140625,9704.0302734375,32722975141,9366.7294921875,9700.4140625
2020-05-31 00:00:00,9461.05859375,9700.10546875,9700.34375,27773290299,9432.296875,9461.05859375
2020-06-01 00:00:00,10167.2685546875,9463.60546875,10199.5654296875,35198901068,9450.8994140625,10167.2685546875
2020-06-02 00:00:00,9529.8037109375,10162.9736328125,10182.3408203125,39137252109,9460.5712890625,9529.8037109375
2020-06-03 00:00:00,9656.7177734375,9533.7607421875,9682.859375,25007459262,9471.8466796875,9656.7177734375
2020-06-04 00:00:00,9800.63671875,9655.8544921875,9887.6103515625,25921805072,9525.2470703125,9800.63671875
2020-06-05 00:00:00,9665.533203125,9800.2158203125,9869.2373046875,23509628646,9663.216796875,9665.533203125
2020-06-06 00:00:00,9653.6796875,9664.904296875,9773.431640625,20438419222,9591.0244140625,9653.6796875
2020-06-07 00:00:00,9758.8525390625,9653.0029296875,9768.498046875,25015250846,9458.150390625,9758.8525390625
2020-06-08 00:00:00,9771.4892578125,9760.0634765625,9782.306640625,21486346312,9675.8857421875,9771.4892578125
2020-06-09 00:00:00,9795.7001953125,9774.3603515625,9836.369140625,23717842783,9664.7197265625,9795.7001953125
2020-06-10 00:00:00,9870.0947265625,9794.119140625,9908.896484375,25706567601,9728.291015625,9870.0947265625
2020-06-11 00:00:00,9321.78125,9870.078125,9938.2978515625,30247143440,9263.0693359375,9321.78125
2020-06-12 00:00:00,9480.84375,9320.6904296875,9540.4658203125,22610564515,9285.8515625,9480.84375
2020-06-13 00:00:00,9475.27734375,9480.7353515625,9493.2119140625,17564322315,9396.009765625,9475.27734375
2020-06-14 00:00:00,9386.7880859375,9477.5537109375,9482.2705078125,18991732746,9347.59375,9386.7880859375
2020-06-15 00:00:00,9450.7021484375,9386.03515625,9504.8603515625,26699704768,8990.17578125,9450.7021484375
2020-06-16 00:00:00,9538.0244140625,9454.2666015625,9579.4306640625,21565537209,9400.4453125,9538.0244140625
2020-06-17 00:00:00,9480.2548828125,9533.7841796875,9540.4228515625,20177709879,9327.33984375,9480.2548828125
2020-06-18 00:00:00,9411.8408203125,9481.5673828125,9482.7822265625,17770083003,9328.3955078125,9411.8408203125
2020-06-19 00:00:00,9288.0185546875,9410.2939453125,9440.8759765625,19632223107,9274.2958984375,9288.0185546875
2020-06-20 00:00:00,9332.3408203125,9290.9599609375,9394.9716796875,17130541557,9247.3798828125,9332.3408203125
2020-06-21 00:00:00,9303.6298828125,9330.9267578125,9401.107421875,15324301169,9300.4306640625,9303.6298828125
2020-06-22 00:00:00,9648.7177734375,9300.9150390625,9655.0732421875,21104009514,9296.8720703125,9648.7177734375
2020-06-23 00:00:00,9629.658203125,9644.076171875,9670.541015625,17006433272,9547.2470703125,9629.658203125
2020-06-24 00:00:00,9313.6103515625,9632.1494140625,9680.3671875,18961716076,9278.2333984375,9313.6103515625
2020-06-25 00:00:00,9264.8134765625,9314.126953125,9340.1611328125,18616048626,9095.32421875,9264.8134765625
2020-06-26 00:00:00,9162.91796875,9260.9951171875,9310.5166015625,18341465837,9101.73828125,9162.91796875
2020-06-27 00:00:00,9045.390625,9167.82421875,9207.810546875,17273093144,8998.216796875,9045.390625
2020-06-28 00:00:00,9143.58203125,9048.4609375,9197.546875,14560870760,8975.525390625,9143.58203125
2020-06-29 00:00:00,9190.8544921875,9140.029296875,9237.5732421875,16460547078,9041.8759765625,9190.8544921875
2020-06-30 00:00:00,9137.9931640625,9185.5810546875,9217.8359375,15735797744,9084.837890625,9137.9931640625
2020-07-01 00:00:00,9228.3251953125,9145.9853515625,9309.7548828125,15971550355,9104.7353515625,9228.3251953125
2020-07-02 00:00:00,9123.41015625,9231.1396484375,9274.962890625,16338916796,9036.623046875,9123.41015625
2020-07-03 00:00:00,9087.3037109375,9124.8427734375,9202.3447265625,13078970999,9058.794921875,9087.3037109375
2020-07-04 00:00:00,9132.48828125,9084.2333984375,9183.2958984375,12290528515,9053.6298828125,9132.48828125
2020-07-05 00:00:00,9073.9423828125,9126.0908203125,9162.18359375,12903406143,8977.015625,9073.9423828125
2020-07-06 00:00:00,9375.474609375,9072.849609375,9375.474609375,17889263252,9058.6640625,9375.474609375
2020-07-07 00:00:00,9252.27734375,9349.1611328125,9360.6171875,13839652595,9201.8154296875,9252.27734375
2020-07-08 00:00:00,9428.3330078125,9253.0205078125,9450.3359375,19702359883,9249.5,9428.3330078125
2020-07-09 00:00:00,9277.9677734375,9427.994140625,9431.37890625,18000702524,9234.9990234375,9277.9677734375
2020-07-10 00:00:00,9278.8076171875,9273.357421875,9287.4716796875,16860035605,9118.001953125,9278.8076171875
2020-07-11 00:00:00,9240.3466796875,9277.51171875,9293.5322265625,13249910444,9199.4853515625,9240.3466796875
2020-07-12 00:00:00,9276.5,9241.0546875,9319.4189453125,14452361907,9197.4501953125,9276.5
2020-07-13 00:00:00,9243.6142578125,9277.205078125,9306.4052734375,17519821266,9224.29296875,9243.6142578125
2020-07-14 00:00:00,9243.2138671875,9238.703125,9283.841796875,18085038362,9171.6611328125,9243.2138671875
2020-07-15 00:00:00,9192.8369140625,9241.8974609375,9275.3251953125,15844731575,9171.93359375,9192.8369140625
2020-07-16 00:00:00,9132.2275390625,9191.98046875,9214.3125,15713967523,9088.947265625,9132.2275390625
2020-07-17 00:00:00,9151.392578125,9131.8125,9182.25390625,13944570749,9089.2021484375,9151.392578125
2020-07-18 00:00:00,9159.0400390625,9151.18359375,9230.9833984375,12252601475,9100.82421875,9159.0400390625
2020-07-19 00:00:00,9185.8173828125,9158.005859375,9201.3984375,12939002784,9097.6328125,9185.8173828125
2020-07-20 00:00:00,9164.2314453125,9187.220703125,9214.2705078125,13755604146,9137.509765625,9164.2314453125
2020-07-21 00:00:00,9374.8876953125,9162.5146484375,9407.2626953125,18069581956,9149.3896484375,9374.8876953125
2020-07-22 00:00:00,9525.36328125,9375.080078125,9530.5185546875,16532254884,9319.6533203125,9525.36328125
2020-07-23 00:00:00,9581.072265625,9527.1416015625,9610.2470703125,18146399002,9483.00390625,9581.072265625
2020-07-24 00:00:00,9536.892578125,9585.5146484375,9623.3369140625,16552768325,9481.4541015625,9536.892578125
2020-07-25 00:00:00,9677.11328125,9539.4853515625,9704.556640625,16610070933,9530.2119140625,9677.11328125
2020-07-26 00:00:00,9905.1669921875,9680.234375,10023.8076171875,20507998997,9652.84765625,9905.1669921875
2020-07-27 00:00:00,10990.873046875,9905.2177734375,11298.2216796875,35359749590,9903.9697265625,10990.873046875
2020-07-28 00:00:00,10912.8232421875,11017.4638671875,11204.3271484375,28766551142,10632.6318359375,10912.8232421875
2020-07-29 00:00:00,11100.4677734375,10912.953125,11304.3974609375,24617249715,10856.1416015625,11100.4677734375
2020-07-30 00:00:00,11111.2138671875,11099.8330078125,11169.3564453125,22857247901,10895.455078125,11111.2138671875
2020-07-31 00:00:00,11323.466796875,11110.2109375,11415.8642578125,23160469766,10987.0537109375,11323.466796875
2020-08-01 00:00:00,11759.5927734375,11322.5703125,11794.775390625,26075670303,11239.6826171875,11759.5927734375
2020-08-02 00:00:00,11053.6142578125,11758.7646484375,12034.14453125,27410067336,11018.1298828125,11053.6142578125
2020-08-03 00:00:00,11246.3486328125,11043.7685546875,11453.0791015625,20271713443,11012.4150390625,11246.3486328125
2020-08-04 00:00:00,11205.892578125,11246.203125,11385.3818359375,21250197042,11094.1455078125,11205.892578125
2020-08-05 00:00:00,11747.0224609375,11203.8232421875,11786.6171875,24411254471,11158.28515625,11747.0224609375
2020-08-06 00:00:00,11779.7734375,11749.87109375,11902.3359375,23400740340,11598.7138671875,11779.7734375
2020-08-07 00:00:00,11601.47265625,11778.89453125,11898.0380859375,23132312867,11408.59375,11601.47265625
2020-08-08 00:00:00,11754.0458984375,11604.5537109375,11800.064453125,17572057837,11558.431640625,11754.0458984375
2020-08-09 00:00:00,11675.7392578125,11737.3251953125,11806.056640625,17489608833,11548.7841796875,11675.7392578125
2020-08-10 00:00:00,11878.111328125,11662.2568359375,12045.140625,26114112569,11662.2568359375,11878.111328125
2020-08-11 00:00:00,11410.525390625,11881.6474609375,11932.7109375,27039782640,11195.708984375,11410.525390625
2020-08-12 00:00:00,11584.9345703125,11404.5966796875,11748.396484375,25064548486,11249.60546875,11584.9345703125
2020-08-13 00:00:00,11784.1376953125,11588.4052734375,11796.396484375,27522199497,11216.8720703125,11784.1376953125
2020-08-14 00:00:00,11768.87109375,11772.6591796875,12150.994140625,24237958589,11685.455078125,11768.87109375
2020-08-15 00:00:00,11865.6982421875,11768.697265625,11963.203125,23354924400,11768.697265625,11865.6982421875
2020-08-16 00:00:00,11892.8037109375,11866.685546875,11934.9013671875,20583375490,11737.1884765625,11892.8037109375
2020-08-17 00:00:00,12254.40234375,11895.658203125,12359.056640625,28227687027,11806.6962890625,12254.40234375
2020-08-18 00:00:00,11991.2333984375,12251.8955078125,12335.70703125,26043227672,11954.525390625,11991.2333984375
2020-08-19 00:00:00,11758.283203125,11990.884765625,12028.923828125,24502851117,11687.3330078125,11758.283203125
2020-08-20 00:00:00,11878.3720703125,11761.5,11900.4111328125,20175242945,11710.0634765625,11878.3720703125
2020-08-21 00:00:00,11592.4892578125,11878.0263671875,11899.259765625,23762425999,11564.9794921875,11592.4892578125
2020-08-22 00:00:00,11681.8251953125,11585.4775390625,11689.4072265625,20224191306,11448.8056640625,11681.8251953125
2020-08-23 00:00:00,11664.84765625,11679.6962890625,11713.4296875,18482062658,11559.9208984375,11664.84765625
2020-08-24 00:00:00,11774.595703125,11663.689453125,11807.6318359375,20681511755,11623.25,11774.595703125
2020-08-25 00:00:00,11366.134765625,11773.5888671875,11778.2998046875,26301509932,11189.8505859375,11366.134765625
2020-08-26 00:00:00,11488.36328125,11366.89453125,11530.052734375,22466660958,11296.9931640625,11488.36328125
2020-08-27 00:00:00,11323.3974609375,11485.6083984375,11570.7861328125,23240415076,11185.94140625,11323.3974609375
2020-08-28 00:00:00,11542.5,11325.2958984375,11545.615234375,19807127588,11316.4228515625,11542.5
2020-08-29 00:00:00,11506.865234375,11541.0546875,11585.640625,17485597759,11466.29296875,11506.865234375
2020-08-30 00:00:00,11711.505859375,11508.7138671875,11715.2646484375,19760127945,11492.3818359375,11711.505859375
2020-08-31 00:00:00,11680.8203125,11713.306640625,11768.876953125,22285928250,11598.318359375,11680.8203125
2020-09-01 00:00:00,11970.478515625,11679.31640625,12067.0810546875,27311555343,11601.12890625,11970.478515625
2020-09-02 00:00:00,11414.0341796875,11964.8232421875,11964.8232421875,28037405299,11290.7939453125,11414.0341796875
2020-09-03 00:00:00,10245.296875,11407.19140625,11443.0224609375,31927261555,10182.46484375,10245.296875
2020-09-04 00:00:00,10511.8134765625,10230.365234375,10663.919921875,29965130374,10207.9404296875,10511.8134765625
2020-09-05 00:00:00,10169.5673828125,10512.5302734375,10581.5712890625,44916565292,9946.67578125,10169.5673828125
2020-09-06 00:00:00,10280.3515625,10167.216796875,10353.927734375,37071460174,10056.8857421875,10280.3515625
2020-09-07 00:00:00,10369.5634765625,10280.998046875,10399.1533203125,33703098409,9916.4931640625,10369.5634765625
2020-09-08 00:00:00,10131.5166015625,10369.306640625,10414.775390625,33430927462,9945.1103515625,10131.5166015625
2020-09-09 00:00:00,10242.34765625,10134.1513671875,10350.54296875,24128292755,10017.2509765625,10242.34765625
2020-09-10 00:00:00,10363.138671875,10242.330078125,10503.912109375,54406443211,10238.1357421875,10363.138671875
2020-09-11 00:00:00,10400.9150390625,10369.0283203125,10434.9228515625,45201121775,10140.8369140625,10400.9150390625
2020-09-12 00:00:00,10442.1708984375,10409.861328125,10578.837890625,36750077324,10292.38671875,10442.1708984375
2020-09-13 00:00:00,10323.755859375,10452.3994140625,10577.21484375,36506852789,10224.330078125,10323.755859375
2020-09-14 00:00:00,10680.837890625,10328.734375,10800.0107421875,35453581940,10266.0087890625,10680.837890625
2020-09-15 00:00:00,10796.951171875,10677.7548828125,10938.6318359375,32509451925,10656.4599609375,10796.951171875
2020-09-16 00:00:00,10974.9052734375,10797.76171875,11100.1240234375,30769986455,10704.884765625,10974.9052734375
2020-09-17 00:00:00,10948.990234375,10973.251953125,11037.4208984375,38151810523,10774.6279296875,10948.990234375
2020-09-18 00:00:00,10944.5859375,10951.8203125,11034.908203125,26341903912,10829.6572265625,10944.5859375
2020-09-19 00:00:00,11094.3466796875,10933.7529296875,11134.0927734375,22764204008,10909.6181640625,11094.3466796875
2020-09-20 00:00:00,10938.271484375,11095.8701171875,11095.8701171875,24699523788,10814.4775390625,10938.271484375
2020-09-21 00:00:00,10462.259765625,10934.92578125,10988.3046875,28884999244,10380.2607421875,10462.259765625
2020-09-22 00:00:00,10538.4599609375,10459.6240234375,10568.0771484375,23621787804,10382.7265625,10538.4599609375
2020-09-23 00:00:00,10246.1865234375,10535.4921875,10537.828125,23788661867,10197.865234375,10246.1865234375
2020-09-24 00:00:00,10760.06640625,10248.7861328125,10771.056640625,47144380902,10231.490234375,10760.06640625
2020-09-25 00:00:00,10692.716796875,10761.109375,10777.6962890625,39348590957,10578.9140625,10692.716796875
2020-09-26 00:00:00,10750.7236328125,10695.5751953125,10772.9990234375,46852525493,10667.28125,10750.7236328125
2020-09-27 00:00:00,10775.26953125,10746.892578125,10803.9765625,53745972818,10622.921875,10775.26953125
2020-09-28 00:00:00,10709.65234375,10776.61328125,10945.34765625,47762394731,10703.8935546875,10709.65234375
2020-09-29 00:00:00,10844.640625,10709.650390625,10860.0009765625,46582396602,10649.4951171875,10844.640625
2020-09-30 00:00:00,10784.4912109375,10843.87109375,10847.2568359375,44171073700,10669.3212890625,10784.4912109375
2020-10-01 00:00:00,10619.4521484375,10795.2548828125,10933.6240234375,40023134100,10472.3564453125,10619.4521484375
2020-10-02 00:00:00,10575.974609375,10619.8212890625,10657.837890625,48661453918,10416.689453125,10575.974609375
2020-10-03 00:00:00,10549.3291015625,10575.1005859375,10598.9404296875,44660271563,10511.1298828125,10549.3291015625
2020-10-04 00:00:00,10669.5830078125,10550.4404296875,10686.0,71251776995,10534.3916015625,10669.5830078125
2020-10-05 00:00:00,10793.33984375,10676.529296875,10793.5078125,47537578009,10634.6005859375,10793.33984375
2020-10-06 00:00:00,10604.40625,10796.306640625,10797.578125,42623695307,10528.890625,10604.40625
2020-10-07 00:00:00,10668.96875,10603.35546875,10680.5078125,37799458436,10562.5068359375,10668.96875
2020-10-08 00:00:00,10915.685546875,10669.37109375,10945.7373046875,63314794397,10562.6064453125,10915.685546875
2020-10-09 00:00:00,11064.4580078125,10927.9130859375,11102.671875,22799117613,10846.8505859375,11064.4580078125
2020-10-10 00:00:00,11296.361328125,11059.142578125,11442.2109375,22877978588,11056.9404296875,11296.361328125
2020-10-11 00:00:00,11384.181640625,11296.08203125,11428.8134765625,19968627060,11288.6279296875,11384.181640625
2020-10-12 00:00:00,11555.36328125,11392.6357421875,11698.4677734375,26163972642,11240.6865234375,11555.36328125
2020-10-13 00:00:00,11425.8994140625,11548.7197265625,11548.984375,24241420251,11321.224609375,11425.8994140625
2020-10-14 00:00:00,11429.5068359375,11429.0478515625,11539.9775390625,24103426719,11307.8310546875,11429.5068359375
2020-10-15 00:00:00,11495.349609375,11426.6025390625,11569.9140625,24487233058,11303.603515625,11495.349609375
2020-10-16 00:00:00,11322.123046875,11502.828125,11540.0615234375,25635480772,11223.0126953125,11322.123046875
2020-10-17 00:00:00,11358.1015625,11322.123046875,11386.26171875,19130430174,11285.345703125,11358.1015625
2020-10-18 00:00:00,11483.359375,11355.982421875,11483.359375,18283314340,11347.578125,11483.359375
2020-10-19 00:00:00,11742.037109375,11495.0380859375,11799.0927734375,23860769928,11408.2900390625,11742.037109375
2020-10-20 00:00:00,11916.3349609375,11745.974609375,11999.91796875,30915821592,11681.48046875,11916.3349609375
2020-10-21 00:00:00,12823.689453125,11913.0771484375,13184.56640625,43414712626,11900.9287109375,12823.689453125
2020-10-22 00:00:00,12965.8916015625,12801.6357421875,13161.59375,34729759598,12717.09375,12965.8916015625
2020-10-23 00:00:00,12931.5390625,12971.548828125,13015.9619140625,28974975003,12752.6474609375,12931.5390625
2020-10-24 00:00:00,13108.0625,12931.57421875,13145.06640625,24542317940,12885.7470703125,13108.0625
2020-10-25 00:00:00,13031.173828125,13108.0634765625,13329.18359375,24406920575,12910.0615234375,13031.173828125
2020-10-26 00:00:00,13075.248046875,13031.201171875,13225.2978515625,29461458313,12822.3828125,13075.248046875
2020-10-27 00:00:00,13654.21875,13075.2421875,13759.6689453125,33749878156,13060.837890625,13654.21875
2020-10-28 00:00:00,13271.28515625,13654.21484375,13837.6953125,35867318895,12932.2509765625,13271.28515625
2020-10-29 00:00:00,13437.8828125,13271.298828125,13612.0478515625,56499499598,12980.0595703125,13437.8828125
2020-10-30 00:00:00,13546.5224609375,13437.8740234375,13651.5166015625,30581485201,13136.1982421875,13546.5224609375
2020-10-31 00:00:00,13780.9951171875,13546.5322265625,14028.2138671875,30306464719,13457.5302734375,13780.9951171875
2020-11-01 00:00:00,13737.109375,13780.9951171875,13862.033203125,24453857900,13628.3779296875,13737.109375
2020-11-02 00:00:00,13550.4892578125,13737.0322265625,13808.3232421875,30771455468,13243.16015625,13550.4892578125
2020-11-03 00:00:00,13950.30078125,13550.451171875,13984.9814453125,29869951617,13325.44140625,13950.30078125
2020-11-04 00:00:00,14133.70703125,13950.48828125,14218.7666015625,35116364962,13580.4716796875,14133.70703125
2020-11-05 00:00:00,15579.8486328125,14133.7333984375,15706.404296875,40856321439,14102.0888671875,15579.8486328125
2020-11-06 00:00:00,15565.880859375,15579.7294921875,15903.4375,39837841971,15226.83984375,15565.880859375
2020-11-07 00:00:00,14833.75390625,15565.880859375,15737.095703125,35024953706,14423.203125,14833.75390625
2020-11-08 00:00:00,15479.5673828125,14833.75390625,15637.3203125,26632075029,14744.1103515625,15479.5673828125
2020-11-09 00:00:00,15332.3154296875,15479.595703125,15785.13671875,34149115566,14865.529296875,15332.3154296875
2020-11-10 00:00:00,15290.90234375,15332.3505859375,15450.3291015625,25574938143,15124.9599609375,15290.90234375
2020-11-11 00:00:00,15701.33984375,15290.9091796875,15916.2607421875,29772374934,15290.0068359375,15701.33984375
2020-11-12 00:00:00,16276.34375,15701.298828125,16305.00390625,34175758344,15534.771484375,16276.34375
2020-11-13 00:00:00,16317.80859375,16276.4404296875,16463.177734375,31599492172,15992.15234375,16317.80859375
2020-11-14 00:00:00,16068.138671875,16317.80859375,16317.80859375,27481710135,15749.193359375,16068.138671875
2020-11-15 00:00:00,15955.587890625,16068.1396484375,16123.1103515625,23653867583,15793.5341796875,15955.587890625
2020-11-16 00:00:00,16716.111328125,15955.5771484375,16816.181640625,31526766675,15880.7060546875,16716.111328125
2020-11-17 00:00:00,17645.40625,16685.69140625,17782.919921875,39006849170,16564.544921875,17645.40625
2020-11-18 00:00:00,17804.005859375,17645.19140625,18393.94921875,49064800278,17352.90625,17804.005859375
2020-11-19 00:00:00,17817.08984375,17803.861328125,18119.546875,36985055355,17382.5546875,17817.08984375
2020-11-20 00:00:00,18621.314453125,17817.083984375,18773.2265625,36992873940,17765.794921875,18621.314453125
2020-11-21 00:00:00,18642.232421875,18621.31640625,18936.62109375,39650210707,18444.359375,18642.232421875
2020-11-22 00:00:00,18370.001953125,18642.232421875,18688.96875,41280434226,17671.384765625,18370.001953125
2020-11-23 00:00:00,18364.12109375,18370.017578125,18711.42578125,42741112308,18000.796875,18364.12109375
2020-11-24 00:00:00,19107.46484375,18365.015625,19348.271484375,51469565009,18128.65625,19107.46484375
2020-11-25 00:00:00,18732.12109375,19104.41015625,19390.96484375,43710357371,18581.146484375,18732.12109375
2020-11-26 00:00:00,17150.623046875,18729.83984375,18866.28515625,61396835737,16351.03515625,17150.623046875
2020-11-27 00:00:00,17108.40234375,17153.9140625,17445.0234375,38886494645,16526.423828125,17108.40234375
2020-11-28 00:00:00,17717.4140625,17112.93359375,17853.939453125,32601040734,16910.65234375,17717.4140625
2020-11-29 00:00:00,18177.484375,17719.634765625,18283.62890625,31133957704,17559.1171875,18177.484375
2020-11-30 00:00:00,19625.8359375,18178.322265625,19749.263671875,47728480399,18178.322265625,19625.8359375
2020-12-01 00:00:00,18802.998046875,19633.76953125,19845.974609375,49633658712,18321.921875,18802.998046875
2020-12-02 00:00:00,19201.091796875,18801.744140625,19308.330078125,37387697139,18347.71875,19201.091796875
2020-12-03 00:00:00,19445.3984375,19205.92578125,19566.19140625,31930317405,18925.78515625,19445.3984375
2020-12-04 00:00:00,18699.765625,19446.966796875,19511.404296875,33872388058,18697.193359375,18699.765625
2020-12-05 00:00:00,19154.23046875,18698.384765625,19160.44921875,27242455064,18590.193359375,19154.23046875
2020-12-06 00:00:00,19345.12109375,19154.1796875,19390.5,25293775714,18897.89453125,19345.12109375
2020-12-07 00:00:00,19191.630859375,19343.12890625,19411.828125,26896357742,18931.142578125,19191.630859375
2020-12-08 00:00:00,18321.14453125,19191.529296875,19283.478515625,31692288756,18269.9453125,18321.14453125
2020-12-09 00:00:00,18553.916015625,18320.884765625,18626.29296875,34420373071,17935.546875,18553.916015625
2020-12-10 00:00:00,18264.9921875,18553.298828125,18553.298828125,25547132265,17957.064453125,18264.9921875
2020-12-11 00:00:00,18058.904296875,18263.9296875,18268.453125,27919640985,17619.533203125,18058.904296875
2020-12-12 00:00:00,18803.65625,18051.3203125,18919.55078125,21752580802,18046.041015625,18803.65625
2020-12-13 00:00:00,19142.3828125,18806.765625,19381.53515625,25450468637,18734.33203125,19142.3828125
2020-12-14 00:00:00,19246.64453125,19144.4921875,19305.099609375,22473997681,19012.708984375,19246.64453125
2020-12-15 00:00:00,19417.076171875,19246.919921875,19525.0078125,26741982541,19079.841796875,19417.076171875
2020-12-16 00:00:00,21310.59765625,19418.818359375,21458.908203125,44409011479,19298.31640625,21310.59765625
2020-12-17 00:00:00,22805.162109375,21308.3515625,23642.66015625,71378606374,21234.67578125,22805.162109375
2020-12-18 00:00:00,23137.9609375,22806.796875,23238.6015625,40387896275,22399.8125,23137.9609375
2020-12-19 00:00:00,23869.83203125,23132.865234375,24085.85546875,38487546580,22826.47265625,23869.83203125
2020-12-20 00:00:00,23477.294921875,23861.765625,24209.66015625,37844228422,23147.7109375,23477.294921875
2020-12-21 00:00:00,22803.08203125,23474.455078125,24059.982421875,45852713981,22159.3671875,22803.08203125
2020-12-22 00:00:00,23783.029296875,22794.0390625,23789.90234375,44171632681,22430.60546875,23783.029296875
2020-12-23 00:00:00,23241.345703125,23781.974609375,24024.490234375,51146161904,22802.646484375,23241.345703125
2020-12-24 00:00:00,23735.94921875,23240.203125,23768.337890625,41080759713,22777.59765625,23735.94921875
2020-12-25 00:00:00,24664.791015625,23733.5703125,24710.1015625,42068395846,23463.673828125,24664.791015625
2020-12-26 00:00:00,26437.037109375,24677.015625,26718.0703125,48332647295,24522.689453125,26437.037109375
2020-12-27 00:00:00,26272.294921875,26439.373046875,28288.83984375,66479895605,25922.76953125,26272.294921875
2020-12-28 00:00:00,27084.80859375,26280.822265625,27389.111328125,49056742893,26207.640625,27084.80859375
2020-12-29 00:00:00,27362.4375,27081.810546875,27370.720703125,45265946774,25987.298828125,27362.4375
2020-12-30 00:00:00,28840.953125,27360.08984375,28937.740234375,51287442704,27360.08984375,28840.953125
2020-12-31 00:00:00,29001.720703125,28841.57421875,29244.876953125,46754964848,28201.9921875,29001.720703125
2021-01-01 00:00:00,29374.15234375,28994.009765625,29600.626953125,40730301359,28803.5859375,29374.15234375
2021-01-02 00:00:00,32127.267578125,29376.455078125,33155.1171875,67865420765,29091.181640625,32127.267578125
2021-01-03 00:00:00,32782.0234375,32129.408203125,34608.55859375,78665235202,32052.31640625,32782.0234375
2021-01-04 00:00:00,31971.9140625,32810.94921875,33440.21875,81163475344,28722.755859375,31971.9140625
2021-01-05 00:00:00,33992.4296875,31977.041015625,34437.58984375,67547324782,30221.1875,33992.4296875
2021-01-06 00:00:00,36824.36328125,34013.61328125,36879.69921875,75289433811,33514.03515625,36824.36328125
2021-01-07 00:00:00,39371.04296875,36833.875,40180.3671875,84762141031,36491.19140625,39371.04296875
2021-01-08 00:00:00,40797.609375,39381.765625,41946.73828125,88107519480,36838.63671875,40797.609375
2021-01-09 00:00:00,40254.546875,40788.640625,41436.3515625,61984162837,38980.875,40254.546875
2021-01-10 00:00:00,38356.44140625,40254.21875,41420.19140625,79980747690,35984.62890625,38356.44140625
2021-01-11 00:00:00,35566.65625,38346.53125,38346.53125,123320567399,30549.599609375,35566.65625
2021-01-12 00:00:00,33922.9609375,35516.359375,36568.52734375,74773277909,32697.9765625,33922.9609375
2021-01-13 00:00:00,37316.359375,33915.12109375,37599.9609375,69364315979,32584.66796875,37316.359375
2021-01-14 00:00:00,39187.328125,37325.109375,39966.40625,63615990033,36868.5625,39187.328125
2021-01-15 00:00:00,36825.3671875,39156.70703125,39577.7109375,67760757881,34659.58984375,36825.3671875
2021-01-16 00:00:00,36178.140625,36821.6484375,37864.3671875,57706187875,35633.5546875,36178.140625
2021-01-17 00:00:00,35791.27734375,36163.6484375,36722.3515625,52359854336,34069.3203125,35791.27734375
2021-01-18 00:00:00,36630.07421875,35792.23828125,37299.28515625,49511702429,34883.84375,36630.07421875
2021-01-19 00:00:00,36069.8046875,36642.234375,37755.890625,57244195486,36069.8046875,36069.8046875
2021-01-20 00:00:00,35547.75,36050.11328125,36378.328125,66834573161,33570.4765625,35547.75
2021-01-21 00:00:00,30825.69921875,35549.3984375,35552.6796875,75643067688,30250.75,30825.69921875
2021-01-22 00:00:00,33005.76171875,30817.625,33811.8515625,77207272511,28953.373046875,33005.76171875
2021-01-23 00:00:00,32067.642578125,32985.7578125,33360.9765625,48354737975,31493.16015625,32067.642578125
2021-01-24 00:00:00,32289.37890625,32064.376953125,32944.0078125,48643830599,31106.685546875,32289.37890625
2021-01-25 00:00:00,32366.392578125,32285.798828125,34802.7421875,59897054838,32087.787109375,32366.392578125
2021-01-26 00:00:00,32569.849609375,32358.61328125,32794.55078125,60255421470,31030.265625,32569.849609375
2021-01-27 00:00:00,30432.546875,32564.029296875,32564.029296875,62576762015,29367.138671875,30432.546875
2021-01-28 00:00:00,33466.09765625,30441.041015625,33858.3125,76517157706,30023.20703125,33466.09765625
2021-01-29 00:00:00,34316.38671875,34318.671875,38406.26171875,117894572511,32064.814453125,34316.38671875
2021-01-30 00:00:00,34269.5234375,34295.93359375,34834.70703125,65141828798,32940.1875,34269.5234375
2021-01-31 00:00:00,33114.359375,34270.87890625,34288.33203125,52754542671,32270.17578125,33114.359375
2021-02-01 00:00:00,33537.17578125,33114.578125,34638.21484375,61400400660,32384.228515625,33537.17578125
2021-02-02 00:00:00,35510.2890625,33533.19921875,35896.8828125,63088585433,33489.21875,35510.2890625
2021-02-03 00:00:00,37472.08984375,35510.8203125,37480.1875,61166818159,35443.984375,37472.08984375
2021-02-04 00:00:00,36926.06640625,37475.10546875,38592.17578125,68838074392,36317.5,36926.06640625
2021-02-05 00:00:00,38144.30859375,36931.546875,38225.90625,58598066402,36658.76171875,38144.30859375
2021-02-06 00:00:00,39266.01171875,38138.38671875,40846.546875,71326033653,38138.38671875,39266.01171875
2021-02-07 00:00:00,38903.44140625,39250.19140625,39621.8359375,65500641143,37446.15234375,38903.44140625
2021-02-08 00:00:00,46196.46484375,38886.828125,46203.9296875,101467222687,38076.32421875,46196.46484375
2021-02-09 00:00:00,46481.10546875,46184.9921875,48003.72265625,91809846886,45166.9609375,46481.10546875
2021-02-10 00:00:00,44918.18359375,46469.76171875,47145.56640625,87301089896,43881.15234375,44918.18359375
2021-02-11 00:00:00,47909.33203125,44898.7109375,48463.46875,81388911810,44187.76171875,47909.33203125
2021-02-12 00:00:00,47504.8515625,47877.03515625,48745.734375,76555041196,46424.9765625,47504.8515625
2021-02-13 00:00:00,47105.515625,47491.203125,48047.74609375,70250456155,46392.28125,47105.515625
2021-02-14 00:00:00,48717.2890625,47114.5078125,49487.640625,71248675228,47114.5078125,48717.2890625
2021-02-15 00:00:00,47945.05859375,48696.53515625,48875.5703125,77069903166,46347.4765625,47945.05859375
2021-02-16 00:00:00,49199.87109375,47944.45703125,50341.1015625,77049582886,47201.3046875,49199.87109375
2021-02-17 00:00:00,52149.0078125,49207.27734375,52533.9140625,80820545404,49072.37890625,52149.0078125
2021-02-18 00:00:00,51679.796875,52140.97265625,52474.10546875,52054723579,51015.765625,51679.796875
2021-02-19 00:00:00,55888.1328125,51675.98046875,56113.65234375,63495496918,50937.27734375,55888.1328125
2021-02-20 00:00:00,56099.51953125,55887.3359375,57505.2265625,68145460026,54626.55859375,56099.51953125
2021-02-21 00:00:00,57539.9453125,56068.56640625,58330.5703125,51897585191,55672.609375,57539.9453125
2021-02-22 00:00:00,54207.3203125,57532.73828125,57533.390625,92052420332,48967.56640625,54207.3203125
2021-02-23 00:00:00,48824.42578125,54204.9296875,54204.9296875,106102492824,45290.58984375,48824.42578125
2021-02-24 00:00:00,49705.33203125,48835.0859375,51290.13671875,63695521388,47213.5,49705.33203125
2021-02-25 00:00:00,47093.8515625,49709.08203125,51948.96875,54506565949,47093.8515625,47093.8515625
2021-02-26 00:00:00,46339.76171875,47180.46484375,48370.78515625,350967941479,44454.84375,46339.76171875
2021-02-27 00:00:00,46188.453125,46344.7734375,48253.26953125,45910946382,45269.02734375,46188.453125
2021-02-28 00:00:00,45137.76953125,46194.015625,46716.4296875,53443887451,43241.6171875,45137.76953125
2021-03-01 00:00:00,49631.2421875,45159.50390625,49784.015625,53891300112,45115.09375,49631.2421875
2021-03-02 00:00:00,48378.98828125,49612.10546875,50127.51171875,47530897720,47228.84375,48378.98828125
2021-03-03 00:00:00,50538.2421875,48415.81640625,52535.13671875,53220811975,48274.3203125,50538.2421875
2021-03-04 00:00:00,48561.16796875,50522.3046875,51735.08984375,52343816680,47656.9296875,48561.16796875
2021-03-05 00:00:00,48927.3046875,48527.03125,49396.4296875,48625928883,46542.515625,48927.3046875
2021-03-06 00:00:00,48912.3828125,48899.23046875,49147.21875,34363564661,47257.52734375,48912.3828125
2021-03-07 00:00:00,51206.69140625,48918.6796875,51384.3671875,43137459378,48918.6796875,51206.69140625
2021-03-08 00:00:00,52246.5234375,51174.1171875,52314.0703125,48597428048,49506.0546875,52246.5234375
2021-03-09 00:00:00,54824.1171875,52272.96875,54824.1171875,50912227385,51981.83203125,54824.1171875
2021-03-10 00:00:00,56008.55078125,54824.01171875,57258.25390625,57295577614,53290.890625,56008.55078125
2021-03-11 00:00:00,57805.12109375,55963.1796875,58091.0625,56772343595,54484.59375,57805.12109375
2021-03-12 00:00:00,57332.08984375,57821.21875,57996.62109375,55689944702,55376.6484375,57332.08984375
2021-03-13 00:00:00,61243.0859375,57343.37109375,61683.86328125,60669829814,56217.97265625,61243.0859375
2021-03-14 00:00:00,59302.31640625,61221.1328125,61597.91796875,43901225564,59302.31640625,59302.31640625
2021-03-15 00:00:00,55907.19921875,59267.4296875,60540.9921875,66419369890,55393.1640625,55907.19921875
2021-03-16 00:00:00,56804.90234375,55840.78515625,56833.1796875,59749798599,53555.02734375,56804.90234375
2021-03-17 00:00:00,58870.89453125,56825.828125,58969.81640625,60258313191,54528.62890625,58870.89453125
2021-03-18 00:00:00,57858.921875,58893.078125,60116.25,55746041000,54253.578125,57858.921875
2021-03-19 00:00:00,58346.65234375,57850.44140625,59498.375,49063873786,56643.703125,58346.65234375
2021-03-20 00:00:00,58313.64453125,58332.26171875,60031.28515625,50361731222,58213.296875,58313.64453125
2021-03-21 00:00:00,57523.421875,58309.9140625,58767.8984375,51943414539,56005.6171875,57523.421875
2021-03-22 00:00:00,54529.14453125,57517.890625,58471.48046875,56521454974,54288.15625,54529.14453125
2021-03-23 00:00:00,54738.9453125,54511.66015625,55985.44140625,56435023914,53470.6953125,54738.9453125
2021-03-24 00:00:00,52774.265625,54710.48828125,57262.3828125,70567223787,52514.33203125,52774.265625
2021-03-25 00:00:00,51704.16015625,52726.74609375,53392.38671875,67999812841,50856.5703125,51704.16015625
2021-03-26 00:00:00,55137.3125,51683.01171875,55137.3125,56652197978,51579.85546875,55137.3125
2021-03-27 00:00:00,55973.51171875,55137.56640625,56568.21484375,47266542233,54242.91015625,55973.51171875
2021-03-28 00:00:00,55950.74609375,55974.94140625,56610.3125,47686580918,55071.11328125,55950.74609375
2021-03-29 00:00:00,57750.19921875,55947.8984375,58342.09765625,57625587027,55139.33984375,57750.19921875
2021-03-30 00:00:00,58917.69140625,57750.1328125,59447.22265625,54414116432,57251.55078125,58917.69140625
2021-03-31 00:00:00,58918.83203125,58930.27734375,59930.02734375,65520826225,57726.41796875,58918.83203125
2021-04-01 00:00:00,59095.80859375,58926.5625,59586.0703125,61669163792,58505.27734375,59095.80859375
2021-04-02 00:00:00,59384.3125,59098.87890625,60267.1875,58727860620,58869.28125,59384.3125
2021-04-03 00:00:00,57603.890625,59397.41015625,60110.26953125,59641344484,57603.890625,57603.890625
2021-04-04 00:00:00,58758.5546875,57604.83984375,58913.74609375,50749662970,57168.67578125,58758.5546875
2021-04-05 00:00:00,59057.87890625,58760.875,59891.296875,60706272115,57694.82421875,59057.87890625
2021-04-06 00:00:00,58192.359375,59171.93359375,59479.578125,66058027988,57646.80859375,58192.359375
2021-04-07 00:00:00,56048.9375,58186.5078125,58731.14453125,75645303584,55604.0234375,56048.9375
2021-04-08 00:00:00,58323.953125,56099.9140625,58338.73828125,53053855641,55879.0859375,58323.953125
2021-04-09 00:00:00,58245.00390625,58326.5625,58937.046875,46655208546,57807.86328125,58245.00390625
2021-04-10 00:00:00,59793.234375,58253.77734375,61276.6640625,58238470525,58038.70703125,59793.234375
2021-04-11 00:00:00,60204.96484375,59846.23046875,60790.5546875,46280252580,59289.796875,60204.96484375
2021-04-12 00:00:00,59893.453125,60175.9453125,61253.03515625,51828688519,59589.875,59893.453125
2021-04-13 00:00:00,63503.45703125,59890.01953125,63742.28515625,69983454362,59869.95703125,63503.45703125
2021-04-14 00:00:00,63109.6953125,63523.75390625,64863.09765625,77451779687,61554.796875,63109.6953125
2021-04-15 00:00:00,63314.01171875,63075.1953125,63821.671875,60954381579,62208.96484375,63314.01171875
2021-04-16 00:00:00,61572.7890625,63258.50390625,63594.72265625,84293007468,60222.53125,61572.7890625
2021-04-17 00:00:00,60683.8203125,61529.921875,62572.17578125,66138759198,60361.3515625,60683.8203125
2021-04-18 00:00:00,56216.18359375,60701.88671875,61057.45703125,97468872758,52829.53515625,56216.18359375
2021-04-19 00:00:00,55724.265625,56191.5859375,57520.0546875,65344865159,54368.59375,55724.265625
2021-04-20 00:00:00,56473.03125,55681.79296875,57062.1484375,67849323955,53448.046875,56473.03125
2021-04-21 00:00:00,53906.08984375,56471.12890625,56757.97265625,54926612466,53695.46875,53906.08984375
2021-04-22 00:00:00,51762.2734375,53857.10546875,55410.23046875,74798630778,50583.8125,51762.2734375
2021-04-23 00:00:00,51093.65234375,51739.80859375,52120.79296875,86668667320,47714.6640625,51093.65234375
2021-04-24 00:00:00,50050.8671875,51143.2265625,51167.5625,49014494781,48805.28515625,50050.8671875
2021-04-25 00:00:00,49004.25390625,50052.83203125,50506.01953125,46117114240,47159.484375,49004.25390625
2021-04-26 00:00:00,54021.75390625,49077.79296875,54288.00390625,58284039825,48852.796875,54021.75390625
2021-04-27 00:00:00,55033.1171875,54030.3046875,55416.96484375,49448222757,53319.1875,55033.1171875
2021-04-28 00:00:00,54824.703125,55036.63671875,56227.20703125,48000572955,53887.91796875,54824.703125
2021-04-29 00:00:00,53555.109375,54858.08984375,55115.84375,46088929780,52418.02734375,53555.109375
2021-04-30 00:00:00,57750.17578125,53568.6640625,57900.71875,52395931985,53129.6015625,57750.17578125
2021-05-01 00:00:00,57828.05078125,57714.6640625,58448.33984375,42836427360,57052.2734375,57828.05078125
2021-05-02 00:00:00,56631.078125,57825.86328125,57902.59375,38177405335,56141.90625,56631.078125
2021-05-03 00:00:00,57200.29296875,56620.2734375,58973.30859375,51713139031,56590.87109375,57200.29296875
2021-05-04 00:00:00,53333.5390625,57214.1796875,57214.1796875,68564706967,53191.42578125,53333.5390625
2021-05-05 00:00:00,57424.0078125,53252.1640625,57911.36328125,69241316747,52969.0546875,57424.0078125
2021-05-06 00:00:00,56396.515625,57441.30859375,58363.31640625,69523285106,55382.5078125,56396.515625
2021-05-07 00:00:00,57356.40234375,56413.953125,58606.6328125,68434023376,55321.84765625,57356.40234375
2021-05-08 00:00:00,58803.77734375,57352.765625,59464.61328125,65382980634,56975.2109375,58803.77734375
2021-05-09 00:00:00,58232.31640625,58877.390625,59210.8828125,65906690347,56482.00390625,58232.31640625
2021-05-10 00:00:00,55859.796875,58250.87109375,59519.35546875,71776546298,54071.45703125,55859.796875
2021-05-11 00:00:00,56704.57421875,55847.2421875,56872.54296875,61308396325,54608.65234375,56704.57421875
2021-05-12 00:00:00,49150.53515625,56714.53125,57939.36328125,75215403907,49150.53515625,49150.53515625
2021-05-13 00:00:00,49716.19140625,49735.43359375,51330.84375,96721152926,46980.01953125,49716.19140625
2021-05-14 00:00:00,49880.53515625,49682.98046875,51438.1171875,55737497453,48868.578125,49880.53515625
2021-05-15 00:00:00,46760.1875,49855.49609375,50639.6640625,59161047474,46664.140625,46760.1875
2021-05-16 00:00:00,46456.05859375,46716.63671875,49720.04296875,64047871555,43963.3515625,46456.05859375
2021-05-17 00:00:00,43537.51171875,46415.8984375,46623.55859375,74903638450,42207.2890625,43537.51171875
2021-05-18 00:00:00,42909.40234375,43488.05859375,45812.45703125,56187365084,42367.83203125,42909.40234375
2021-05-19 00:00:00,37002.44140625,42944.9765625,43546.1171875,126358098747,30681.49609375,37002.44140625
2021-05-20 00:00:00,40782.73828125,36753.66796875,42462.984375,88281943359,35050.6171875,40782.73828125
2021-05-21 00:00:00,37304.69140625,40596.94921875,42172.171875,82051616861,33616.453125,37304.69140625
2021-05-22 00:00:00,37536.6328125,37371.03125,38831.0546875,57377273240,35383.68359375,37536.6328125
2021-05-23 00:00:00,34770.58203125,37531.44921875,38289.21875,78469274361,31227.33984375,34770.58203125
2021-05-24 00:00:00,38705.98046875,34700.36328125,39835.140625,67359584098,34551.08203125,38705.98046875
2021-05-25 00:00:00,38402.22265625,38795.78125,39776.3515625,56211915803,36581.4296875,38402.22265625
2021-05-26 00:00:00,39294.19921875,38392.625,40782.078125,51346735160,37905.8359375,39294.19921875
2021-05-27 00:00:00,38436.96875,39316.890625,40379.6171875,43210968721,37247.90234375,38436.96875
2021-05-28 00:00:00,35697.60546875,38507.08203125,38856.96875,55200191952,34779.0390625,35697.60546875
2021-05-29 00:00:00,34616.06640625,35684.15625,37234.5,45231013335,33693.9296875,34616.06640625
2021-05-30 00:00:00,35678.12890625,34607.40625,36400.66796875,31646080921,33520.73828125,35678.12890625
2021-05-31 00:00:00,37332.85546875,35658.59375,37468.25,39009847639,34241.9453125,37332.85546875
2021-06-01 00:00:00,36684.92578125,37293.79296875,37896.734375,34639423297,35787.0859375,36684.92578125
2021-06-02 00:00:00,37575.1796875,36699.921875,38231.33984375,33070867190,35966.30859375,37575.1796875
2021-06-03 00:00:00,39208.765625,37599.41015625,39478.953125,35460750427,37243.97265625,39208.765625
2021-06-04 00:00:00,36894.40625,39242.484375,39242.484375,41831090187,35717.72265625,36894.40625
2021-06-05 00:00:00,35551.95703125,36880.15625,37917.71484375,35959473399,34900.4140625,35551.95703125
2021-06-06 00:00:00,35862.37890625,35538.609375,36436.421875,28913440585,35304.578125,35862.37890625
2021-06-07 00:00:00,33560.70703125,35835.265625,36790.5703125,33683936663,33480.640625,33560.70703125
2021-06-08 00:00:00,33472.6328125,33589.51953125,34017.38671875,49902050442,31114.443359375,33472.6328125
2021-06-09 00:00:00,37345.12109375,33416.9765625,37537.37109375,53972919008,32475.865234375,37345.12109375
2021-06-10 00:00:00,36702.59765625,37389.515625,38334.32421875,43576032854,35847.59375,36702.59765625
2021-06-11 00:00:00,37334.3984375,36697.03125,37608.6953125,38699736985,36044.44921875,37334.3984375
2021-06-12 00:00:00,35552.515625,37340.14453125,37408.92578125,37924228550,34728.19140625,35552.515625
2021-06-13 00:00:00,39097.859375,35555.7890625,39322.78125,40669112838,34864.109375,39097.859375
2021-06-14 00:00:00,40218.4765625,39016.96875,40978.36328125,43148914673,38757.28515625,40218.4765625
2021-06-15 00:00:00,40406.26953125,40427.16796875,41295.26953125,46420149185,39609.46875,40406.26953125
2021-06-16 00:00:00,38347.0625,40168.69140625,40516.77734375,39211635100,38176.03515625,38347.0625
2021-06-17 00:00:00,38053.50390625,38341.421875,39513.671875,37096670047,37439.67578125,38053.50390625
2021-06-18 00:00:00,35787.24609375,38099.4765625,38187.26171875,36200887275,35255.85546875,35787.24609375
2021-06-19 00:00:00,35615.87109375,35854.52734375,36457.796875,31207279719,34933.0625,35615.87109375
2021-06-20 00:00:00,35698.296875,35563.140625,36059.484375,36664034054,33432.07421875,35698.296875
2021-06-21 00:00:00,31676.693359375,35641.14453125,35721.640625,52809038594,31295.935546875,31676.693359375
2021-06-22 00:00:00,32505.66015625,31622.376953125,33292.453125,58964353058,28893.62109375,32505.66015625
2021-06-23 00:00:00,33723.02734375,32515.71484375,34753.41015625,46317108925,31772.6328125,33723.02734375
2021-06-24 00:00:00,34662.4375,33682.80078125,35228.8515625,33123368116,32385.21484375,34662.4375
2021-06-25 00:00:00,31637.779296875,34659.10546875,35487.24609375,40230904226,31350.884765625,31637.779296875
2021-06-26 00:00:00,32186.27734375,31594.6640625,32637.587890625,38585385521,30184.501953125,32186.27734375
2021-06-27 00:00:00,34649.64453125,32287.5234375,34656.12890625,35511640894,32071.7578125,34649.64453125
2021-06-28 00:00:00,34434.3359375,34679.12109375,35219.890625,33892523752,33902.07421875,34434.3359375
2021-06-29 00:00:00,35867.77734375,34475.55859375,36542.109375,37901460044,34252.484375,35867.77734375
2021-06-30 00:00:00,35040.8359375,35908.38671875,36074.7578125,34059036099,34086.15234375,35040.8359375
2021-07-01 00:00:00,33572.1171875,35035.984375,35035.984375,37838957079,32883.78125,33572.1171875
2021-07-02 00:00:00,33897.046875,33549.6015625,33939.58984375,38728974942,32770.6796875,33897.046875
2021-07-03 00:00:00,34668.546875,33854.421875,34909.26171875,24383958643,33402.6953125,34668.546875
2021-07-04 00:00:00,35287.78125,34665.56640625,35937.56640625,24924307911,34396.4765625,35287.78125
2021-07-05 00:00:00,33746.00390625,35284.34375,35284.34375,26721554282,33213.66015625,33746.00390625
2021-07-06 00:00:00,34235.1953125,33723.5078125,35038.53515625,26501259870,33599.91796875,34235.1953125
2021-07-07 00:00:00,33855.328125,34225.6796875,34997.6640625,24796027477,33839.2890625,33855.328125
2021-07-08 00:00:00,32877.37109375,33889.60546875,33907.90625,29910396946,32133.18359375,32877.37109375
2021-07-09 00:00:00,33798.01171875,32861.671875,34042.29296875,27436021028,32318.880859375,33798.01171875
2021-07-10 00:00:00,33520.51953125,33811.2421875,34209.0703125,22971873468,33116.01171875,33520.51953125
2021-07-11 00:00:00,34240.1875,33509.078125,34584.703125,20108729370,33346.73828125,34240.1875
2021-07-12 00:00:00,33155.84765625,34254.015625,34592.15625,24321499537,32697.30859375,33155.84765625
2021-07-13 00:00:00,32702.025390625,33125.46875,33327.1015625,19120856669,32261.419921875,32702.025390625
2021-07-14 00:00:00,32822.34765625,32723.845703125,33061.3984375,21376531210,31639.125,32822.34765625
2021-07-15 00:00:00,31780.73046875,32827.875,33159.640625,21300524237,31175.708984375,31780.73046875
2021-07-16 00:00:00,31421.5390625,31841.55078125,32218.40625,23699476918,31100.673828125,31421.5390625
2021-07-17 00:00:00,31533.068359375,31397.30859375,31935.9453125,18895018942,31223.990234375,31533.068359375
2021-07-18 00:00:00,31796.810546875,31533.884765625,32398.99609375,18787986667,31215.4921875,31796.810546875
2021-07-19 00:00:00,30817.83203125,31800.01171875,31885.859375,20434789545,30563.734375,30817.83203125
2021-07-20 00:00:00,29807.34765625,30838.28515625,31006.1875,23148267245,29360.955078125,29807.34765625
2021-07-21 00:00:00,32110.693359375,29796.28515625,32752.326171875,28203024559,29526.18359375,32110.693359375
2021-07-22 00:00:00,32313.10546875,32138.873046875,32576.400390625,19555230518,31745.298828125,32313.10546875
2021-07-23 00:00:00,33581.55078125,32305.958984375,33581.55078125,22552046192,32057.892578125,33581.55078125
2021-07-24 00:00:00,34292.4453125,33593.73046875,34490.390625,21664706865,33424.859375,34292.4453125
2021-07-25 00:00:00,35350.1875,34290.29296875,35364.92578125,20856685287,33881.8359375,35350.1875
2021-07-26 00:00:00,37337.53515625,35384.03125,40499.67578125,51022126212,35287.3125,37337.53515625
2021-07-27 00:00:00,39406.94140625,37276.03515625,39406.94140625,35097370560,36441.7265625,39406.94140625
2021-07-28 00:00:00,39995.90625,39503.1875,40816.0703125,38702404695,38862.4375,39995.90625
2021-07-29 00:00:00,40008.421875,39995.453125,40593.0703125,27167146027,39352.05859375,40008.421875
2021-07-30 00:00:00,42235.546875,40027.484375,42235.546875,33072782960,38397.35546875,42235.546875
2021-07-31 00:00:00,41626.1953125,42196.3046875,42231.44921875,25802845343,41110.83203125,41626.1953125
2021-08-01 00:00:00,39974.89453125,41460.84375,42541.6796875,26688438115,39540.94140625,39974.89453125
2021-08-02 00:00:00,39201.9453125,39907.26171875,40419.1796875,25595265436,38746.34765625,39201.9453125
2021-08-03 00:00:00,38152.98046875,39178.40234375,39750.03125,26189830450,37782.05078125,38152.98046875
2021-08-04 00:00:00,39747.50390625,38213.33203125,39952.296875,25372562724,37589.1640625,39747.50390625
2021-08-05 00:00:00,40869.5546875,39744.515625,41341.93359375,35185031017,37458.00390625,40869.5546875
2021-08-06 00:00:00,42816.5,40865.8671875,43271.66015625,38226483046,39932.1796875,42816.5
2021-08-07 00:00:00,44555.80078125,42832.796875,44689.859375,40030862141,42618.56640625,44555.80078125
2021-08-08 00:00:00,43798.1171875,44574.4375,45282.3515625,36302664750,43331.91015625,43798.1171875
2021-08-09 00:00:00,46365.40234375,43791.92578125,46456.83203125,38734079049,42848.6875,46365.40234375
2021-08-10 00:00:00,45585.03125,46280.84765625,46637.98828125,33546019517,44705.5546875,45585.03125
2021-08-11 00:00:00,45593.63671875,45599.703125,46735.6328125,34319709073,45351.7109375,45593.63671875
2021-08-12 00:00:00,44428.2890625,45576.87890625,46228.91015625,33723620826,43861.4453125,44428.2890625
2021-08-13 00:00:00,47793.3203125,44439.69140625,47831.9765625,31744259539,44282.41796875,47793.3203125
2021-08-14 00:00:00,47096.9453125,47810.6875,48098.68359375,31211354442,46177.6328125,47096.9453125
2021-08-15 00:00:00,47047.00390625,47096.66796875,47357.10546875,30988958446,45579.58984375,47047.00390625
2021-08-16 00:00:00,46004.484375,47019.9609375,47998.09765625,32776876610,45700.3203125,46004.484375
2021-08-17 00:00:00,44695.359375,45936.45703125,47139.5703125,33451362600,44512.41796875,44695.359375
2021-08-18 00:00:00,44801.1875,44686.75,45952.0625,32194123075,44364.02734375,44801.1875
2021-08-19 00:00:00,46717.578125,44741.8828125,46970.76171875,37204312299,43998.31640625,46717.578125
2021-08-20 00:00:00,49339.17578125,46723.12109375,49342.15234375,34706867452,46650.70703125,49339.17578125
2021-08-21 00:00:00,48905.4921875,49327.07421875,49717.01953125,40585205312,48312.19921875,48905.4921875
2021-08-22 00:00:00,49321.65234375,48869.10546875,49471.609375,25370975378,48199.94140625,49321.65234375
2021-08-23 00:00:00,49546.1484375,49291.67578125,50482.078125,34305053719,49074.60546875,49546.1484375
2021-08-24 00:00:00,47706.1171875,49562.34765625,49878.76953125,35361168834,47687.1171875,47706.1171875
2021-08-25 00:00:00,48960.7890625,47727.2578125,49202.87890625,32646349931,47163.61328125,48960.7890625
2021-08-26 00:00:00,46942.21875,49002.640625,49347.58203125,32666549568,46405.78125,46942.21875
2021-08-27 00:00:00,49058.66796875,46894.5546875,49112.78515625,34511076995,46394.28125,49058.66796875
2021-08-28 00:00:00,48902.40234375,49072.5859375,49283.50390625,28568103401,48499.23828125,48902.40234375
2021-08-29 00:00:00,48829.83203125,48911.25,49644.11328125,25889650240,47925.85546875,48829.83203125
2021-08-30 00:00:00,47054.984375,48834.8515625,48925.60546875,31847007016,46950.2734375,47054.984375
2021-08-31 00:00:00,47166.6875,47024.33984375,48189.55078125,34730363427,46750.09375,47166.6875
2021-09-01 00:00:00,48847.02734375,47099.7734375,49111.08984375,39139399125,46562.4375,48847.02734375
2021-09-02 00:00:00,49327.72265625,48807.84765625,50343.421875,39508070319,48652.3203125,49327.72265625
2021-09-03 00:00:00,50025.375,49288.25,50982.2734375,43206179619,48386.0859375,50025.375
2021-09-04 00:00:00,49944.625,50009.32421875,50545.58203125,37471327794,49548.78125,49944.625
2021-09-05 00:00:00,51753.41015625,49937.859375,51868.6796875,30322676319,49538.59765625,51753.41015625
2021-09-06 00:00:00,52633.53515625,51769.00390625,52700.94140625,38884105426,51053.6796875,52633.53515625
2021-09-07 00:00:00,46811.12890625,52660.48046875,52853.765625,65210059683,43285.20703125,46811.12890625
2021-09-08 00:00:00,46091.390625,46827.76171875,47334.0546875,49007762488,44561.39453125,46091.390625
2021-09-09 00:00:00,46391.421875,45774.7421875,47261.94921875,38672657013,45669.73828125,46391.421875
2021-09-10 00:00:00,44883.91015625,46396.6640625,47031.7421875,39154666597,44344.484375,44883.91015625
2021-09-11 00:00:00,45201.45703125,44869.83984375,45969.29296875,34499835245,44818.265625,45201.45703125
2021-09-12 00:00:00,46063.26953125,45206.62890625,46364.87890625,27881980161,44790.4609375,46063.26953125
2021-09-13 00:00:00,44963.07421875,46057.21484375,46598.6796875,40969943253,43591.3203125,44963.07421875
2021-09-14 00:00:00,47092.4921875,44960.05078125,47218.125,38652152880,44752.33203125,47092.4921875
2021-09-15 00:00:00,48176.34765625,47098.0,48450.46875,30484496466,46773.328125,48176.34765625
2021-09-16 00:00:00,47783.359375,48158.90625,48486.828125,31764293754,47079.55859375,47783.359375
2021-09-17 00:00:00,47267.51953125,47771.00390625,48160.921875,28727713711,46832.5234375,47267.51953125
2021-09-18 00:00:00,48278.36328125,47273.52734375,48791.78125,28575630451,47087.28515625,48278.36328125
2021-09-19 00:00:00,47260.21875,48268.85546875,48328.3671875,26967722648,46919.8046875,47260.21875
2021-09-20 00:00:00,42843.80078125,47261.40625,47328.19921875,43909845642,42598.9140625,42843.80078125
2021-09-21 00:00:00,40693.67578125,43012.234375,43607.609375,48701090088,39787.609375,40693.67578125
2021-09-22 00:00:00,43574.5078125,40677.953125,43978.62109375,38139709246,40625.6328125,43574.5078125
2021-09-23 00:00:00,44895.09765625,43560.296875,44942.17578125,34244064430,43109.33984375,44895.09765625
2021-09-24 00:00:00,42839.75,44894.30078125,45080.4921875,42839345714,40936.55859375,42839.75
2021-09-25 00:00:00,42716.59375,42840.890625,42996.2578125,31604717236,41759.921875,42716.59375
2021-09-26 00:00:00,43208.5390625,42721.62890625,43919.30078125,30661222077,40848.4609375,43208.5390625
2021-09-27 00:00:00,42235.73046875,43234.18359375,44313.24609375,30980029059,42190.6328125,42235.73046875
2021-09-28 00:00:00,41034.54296875,42200.8984375,42775.14453125,30214940550,40931.6640625,41034.54296875
2021-09-29 00:00:00,41564.36328125,41064.984375,42545.2578125,30602359905,40829.66796875,41564.36328125
2021-09-30 00:00:00,43790.89453125,41551.26953125,44092.6015625,31141681925,41444.58203125,43790.89453125
2021-10-01 00:00:00,48116.94140625,43816.7421875,48436.01171875,42850641582,43320.0234375,48116.94140625
2021-10-02 00:00:00,47711.48828125,48137.46875,48282.0625,30614346492,47465.49609375,47711.48828125
2021-10-03 00:00:00,48199.953125,47680.02734375,49130.69140625,26638115879,47157.2890625,48199.953125
2021-10-04 00:00:00,49112.90234375,48208.90625,49456.77734375,33383173002,47045.00390625,49112.90234375
2021-10-05 00:00:00,51514.8125,49174.9609375,51839.984375,35873904236,49072.83984375,51514.8125
2021-10-06 00:00:00,55361.44921875,51486.6640625,55568.46484375,49034730168,50488.19140625,55361.44921875
2021-10-07 00:00:00,53805.984375,55338.625,55338.625,36807860413,53525.46875,53805.984375
2021-10-08 00:00:00,53967.84765625,53802.14453125,55922.98046875,34800873924,53688.0546875,53967.84765625
2021-10-09 00:00:00,54968.22265625,53929.78125,55397.9453125,32491211414,53735.14453125,54968.22265625
2021-10-10 00:00:00,54771.578125,54952.8203125,56401.3046875,39527792364,54264.2578125,54771.578125
2021-10-11 00:00:00,57484.7890625,54734.125,57793.0390625,42637331698,54519.765625,57484.7890625
2021-10-12 00:00:00,56041.05859375,57526.83203125,57627.87890625,41083758949,54477.97265625,56041.05859375
2021-10-13 00:00:00,57401.09765625,56038.2578125,57688.66015625,41684252783,54370.97265625,57401.09765625
2021-10-14 00:00:00,57321.5234375,57372.83203125,58478.734375,36615791366,56957.07421875,57321.5234375
2021-10-15 00:00:00,61593.94921875,57345.90234375,62757.12890625,51780081801,56868.14453125,61593.94921875
2021-10-16 00:00:00,60892.1796875,61609.52734375,62274.4765625,34250964237,60206.12109375,60892.1796875
2021-10-17 00:00:00,61553.6171875,60887.65234375,61645.5234375,29032367511,59164.46875,61553.6171875
2021-10-18 00:00:00,62026.078125,61548.8046875,62614.66015625,38055562075,60012.7578125,62026.078125
2021-10-19 00:00:00,64261.9921875,62043.1640625,64434.53515625,40471196346,61622.93359375,64261.9921875
2021-10-20 00:00:00,65992.8359375,64284.5859375,66930.390625,40788955582,63610.67578125,65992.8359375
2021-10-21 00:00:00,62210.171875,66002.234375,66600.546875,45908121370,62117.41015625,62210.171875
2021-10-22 00:00:00,60692.265625,62237.890625,63715.0234375,38434082775,60122.796875,60692.265625
2021-10-23 00:00:00,61393.6171875,60694.62890625,61743.87890625,26882546034,59826.5234375,61393.6171875
2021-10-24 00:00:00,60930.8359375,61368.34375,61505.8046875,27316183882,59643.34375,60930.8359375
2021-10-25 00:00:00,63039.82421875,60893.92578125,63729.32421875,31064911614,60691.80078125,63039.82421875
2021-10-26 00:00:00,60363.79296875,63032.76171875,63229.02734375,34878965587,59991.16015625,60363.79296875
2021-10-27 00:00:00,58482.38671875,60352.0,61435.18359375,43657076893,58208.1875,58482.38671875
2021-10-28 00:00:00,60622.13671875,58470.73046875,62128.6328125,45257083247,58206.91796875,60622.13671875
2021-10-29 00:00:00,62227.96484375,60624.87109375,62927.609375,36856881767,60329.96484375,62227.96484375
2021-10-30 00:00:00,61888.83203125,62239.36328125,62330.14453125,32157938616,60918.38671875,61888.83203125
2021-10-31 00:00:00,61318.95703125,61850.48828125,62406.171875,32241199927,60074.328125,61318.95703125
2021-11-01 00:00:00,61004.40625,61320.44921875,62419.00390625,36150572843,59695.18359375,61004.40625
2021-11-02 00:00:00,63226.40234375,60963.25390625,64242.79296875,37746665647,60673.0546875,63226.40234375
2021-11-03 00:00:00,62970.046875,63254.3359375,63516.9375,36124731509,61184.23828125,62970.046875
2021-11-04 00:00:00,61452.23046875,62941.8046875,63123.2890625,32615846901,60799.6640625,61452.23046875
2021-11-05 00:00:00,61125.67578125,61460.078125,62541.46875,30605102446,60844.609375,61125.67578125
2021-11-06 00:00:00,61527.48046875,61068.875,61590.68359375,29094934221,60163.78125,61527.48046875
2021-11-07 00:00:00,63326.98828125,61554.921875,63326.98828125,24726754302,61432.48828125,63326.98828125
2021-11-08 00:00:00,67566.828125,63344.06640625,67673.7421875,41125608330,63344.06640625,67566.828125
2021-11-09 00:00:00,66971.828125,67549.734375,68530.3359375,42357991721,66382.0625,66971.828125
2021-11-10 00:00:00,64995.23046875,66953.3359375,68789.625,48730828378,63208.11328125,64995.23046875
2021-11-11 00:00:00,64949.9609375,64978.890625,65579.015625,35880633236,64180.48828125,64949.9609375
2021-11-12 00:00:00,64155.94140625,64863.98046875,65460.81640625,36084893887,62333.9140625,64155.94140625
2021-11-13 00:00:00,64469.52734375,64158.12109375,64915.67578125,30474228777,63303.734375,64469.52734375
2021-11-14 00:00:00,65466.83984375,64455.37109375,65495.1796875,25122092191,63647.80859375,65466.83984375
2021-11-15 00:00:00,63557.87109375,65521.2890625,66281.5703125,30558763548,63548.14453125,63557.87109375
2021-11-16 00:00:00,60161.24609375,63721.1953125,63721.1953125,46844335592,59016.3359375,60161.24609375
2021-11-17 00:00:00,60368.01171875,60139.62109375,60823.609375,39178392930,58515.41015625,60368.01171875
2021-11-18 00:00:00,56942.13671875,60360.13671875,60948.5,41388338699,56550.79296875,56942.13671875
2021-11-19 00:00:00,58119.578125,56896.12890625,58351.11328125,38702407772,55705.1796875,58119.578125
2021-11-20 00:00:00,59697.1953125,58115.08203125,59859.87890625,30624264863,57469.7265625,59697.1953125
2021-11-21 00:00:00,58730.4765625,59730.5078125,60004.42578125,26123447605,58618.9296875,58730.4765625
2021-11-22 00:00:00,56289.2890625,58706.84765625,59266.359375,35036121783,55679.83984375,56289.2890625
2021-11-23 00:00:00,57569.07421875,56304.5546875,57875.515625,37485803899,55632.76171875,57569.07421875
2021-11-24 00:00:00,56280.42578125,57565.8515625,57803.06640625,36635566789,55964.22265625,56280.42578125
2021-11-25 00:00:00,57274.6796875,57165.41796875,59367.96875,34284016248,57146.68359375,57274.6796875
2021-11-26 00:00:00,53569.765625,58960.28515625,59183.48046875,41810748221,53569.765625,53569.765625
2021-11-27 00:00:00,54815.078125,53736.4296875,55329.2578125,30560857714,53668.35546875,54815.078125
2021-11-28 00:00:00,57248.45703125,54813.0234375,57393.84375,28116886357,53576.734375,57248.45703125
2021-11-29 00:00:00,57806.56640625,57291.90625,58872.87890625,32370840356,56792.52734375,57806.56640625
2021-11-30 00:00:00,57005.42578125,57830.11328125,59113.40234375,36708594618,56057.28125,57005.42578125
2021-12-01 00:00:00,57229.828125,56907.96484375,59041.68359375,36858195307,56553.08203125,57229.828125
2021-12-02 00:00:00,56477.81640625,57217.37109375,57349.234375,32379968686,55895.1328125,56477.81640625
2021-12-03 00:00:00,53598.24609375,56509.1640625,57482.16796875,39789134215,52496.5859375,53598.24609375
2021-12-04 00:00:00,49200.703125,53727.87890625,53904.6796875,61385677469,42874.6171875,49200.703125
2021-12-05 00:00:00,49368.84765625,49201.51953125,49768.1484375,37198201161,47857.49609375,49368.84765625
2021-12-06 00:00:00,50582.625,49413.48046875,50929.51953125,37707308001,47281.03515625,50582.625
2021-12-07 00:00:00,50700.0859375,50581.828125,51934.78125,33676814852,50175.80859375,50700.0859375
2021-12-08 00:00:00,50504.796875,50667.6484375,51171.375,28479699446,48765.98828125,50504.796875
2021-12-09 00:00:00,47672.12109375,50450.08203125,50797.1640625,29603577251,47358.3515625,47672.12109375
2021-12-10 00:00:00,47243.3046875,47642.14453125,50015.25390625,30966005122,47023.69921875,47243.3046875
2021-12-11 00:00:00,49362.5078125,47264.6328125,49458.2109375,25775869261,46942.34765625,49362.5078125
2021-12-12 00:00:00,50098.3359375,49354.85546875,50724.8671875,21939223599,48725.8515625,50098.3359375
2021-12-13 00:00:00,46737.48046875,50114.7421875,50205.0,32166727776,45894.84765625,46737.48046875
2021-12-14 00:00:00,46612.6328125,46709.82421875,48431.3984375,34638619079,46424.49609375,46612.6328125
2021-12-15 00:00:00,48896.72265625,48379.75390625,49473.95703125,36541828520,46671.96484375,48896.72265625
2021-12-16 00:00:00,47665.42578125,48900.46484375,49425.57421875,27268150947,47529.87890625,47665.42578125
2021-12-17 00:00:00,46202.14453125,47653.73046875,48004.89453125,32902725329,45618.21484375,46202.14453125
2021-12-18 00:00:00,46848.77734375,46219.25390625,47313.828125,26098292690,45598.44140625,46848.77734375
2021-12-19 00:00:00,46707.015625,46853.8671875,48089.6640625,25154053861,46502.953125,46707.015625
2021-12-20 00:00:00,46880.27734375,46707.0625,47401.71875,30961902129,45579.80859375,46880.27734375
2021-12-21 00:00:00,48936.61328125,46886.078125,49300.91796875,27055803928,46698.7734375,48936.61328125
2021-12-22 00:00:00,48628.51171875,48937.09765625,49544.796875,24447979559,48450.94140625,48628.51171875
2021-12-23 00:00:00,50784.5390625,48626.34375,51332.33984375,28223878108,48065.8359375,50784.5390625
2021-12-24 00:00:00,50822.1953125,50806.05078125,51814.02734375,24367912228,50514.49609375,50822.1953125
2021-12-25 00:00:00,50429.859375,50854.91796875,51176.59765625,19030650914,50236.70703125,50429.859375
2021-12-26 00:00:00,50809.515625,50428.69140625,51196.37890625,20964372926,49623.10546875,50809.515625
2021-12-27 00:00:00,50640.41796875,50802.609375,51956.328125,24324345758,50499.46875,50640.41796875
2021-12-28 00:00:00,47588.85546875,50679.859375,50679.859375,33430376883,47414.2109375,47588.85546875
2021-12-29 00:00:00,46444.7109375,47623.87109375,48119.7421875,30049226299,46201.49609375,46444.7109375
2021-12-30 00:00:00,47178.125,46490.60546875,47879.96484375,26686491018,46060.3125,47178.125
2021-12-31 00:00:00,46306.4453125,47169.37109375,48472.52734375,36974172400,45819.953125,46306.4453125
2022-01-01 00:00:00,47686.8125,46311.74609375,47827.3125,24582667004,46288.484375,47686.8125
2022-01-02 00:00:00,47345.21875,47680.92578125,47881.40625,27951569547,46856.9375,47345.21875
2022-01-03 00:00:00,46458.1171875,47343.54296875,47510.7265625,33071628362,45835.96484375,46458.1171875
2022-01-04 00:00:00,45897.57421875,46458.8515625,47406.546875,42494677905,45752.46484375,45897.57421875
2022-01-05 00:00:00,43569.00390625,45899.359375,46929.046875,36851084859,42798.22265625,43569.00390625
2022-01-06 00:00:00,43160.9296875,43565.51171875,43748.71875,30208048289,42645.5390625,43160.9296875
2022-01-07 00:00:00,41557.90234375,43153.5703125,43153.5703125,84196607520,41077.4453125,41557.90234375
2022-01-08 00:00:00,41733.94140625,41561.46484375,42228.94140625,28066355845,40672.27734375,41733.94140625
2022-01-09 00:00:00,41911.6015625,41734.7265625,42663.94921875,21294384372,41338.16015625,41911.6015625
2022-01-10 00:00:00,41821.26171875,41910.23046875,42199.484375,32104232331,39796.5703125,41821.26171875
2022-01-11 00:00:00,42735.85546875,41819.5078125,43001.15625,26327648900,41407.75390625,42735.85546875
2022-01-12 00:00:00,43949.1015625,42742.1796875,44135.3671875,33499938689,42528.98828125,43949.1015625
2022-01-13 00:00:00,42591.5703125,43946.7421875,44278.421875,47691135082,42447.04296875,42591.5703125
2022-01-14 00:00:00,43099.69921875,42598.87109375,43346.6875,23577403399,41982.6171875,43099.69921875
2022-01-15 00:00:00,43177.3984375,43101.8984375,43724.671875,18371348298,42669.03515625,43177.3984375
2022-01-16 00:00:00,43113.87890625,43172.0390625,43436.80859375,17902097845,42691.0234375,43113.87890625
2022-01-17 00:00:00,42250.55078125,43118.12109375,43179.390625,21690904261,41680.3203125,42250.55078125
2022-01-18 00:00:00,42375.6328125,42250.07421875,42534.40234375,22417209227,41392.21484375,42375.6328125
2022-01-19 00:00:00,41744.328125,42374.0390625,42478.3046875,23091543258,41242.9140625,41744.328125
2022-01-20 00:00:00,40680.41796875,41744.02734375,43413.0234375,20382033940,40672.82421875,40680.41796875
2022-01-21 00:00:00,36457.31640625,40699.60546875,41060.52734375,43011992031,35791.42578125,36457.31640625
2022-01-22 00:00:00,35030.25,36471.58984375,36688.8125,39714385405,34349.25,35030.25
2022-01-23 00:00:00,36276.8046875,35047.359375,36433.3125,26017975951,34784.96875,36276.8046875
2022-01-24 00:00:00,36654.328125,36275.734375,37247.51953125,41856658597,33184.05859375,36654.328125
2022-01-25 00:00:00,36954.00390625,36654.8046875,37444.5703125,26428189594,35779.4296875,36954.00390625
2022-01-26 00:00:00,36852.12109375,36950.515625,38825.41015625,31324598034,36374.90625,36852.12109375
2022-01-27 00:00:00,37138.234375,36841.87890625,37148.32421875,25041426629,35629.28125,37138.234375
2022-01-28 00:00:00,37784.33203125,37128.4453125,37952.87890625,22238830523,36211.109375,37784.33203125
2022-01-29 00:00:00,38138.1796875,37780.71484375,38576.26171875,17194183075,37406.47265625,38138.1796875
2022-01-30 00:00:00,37917.6015625,38151.91796875,38266.33984375,14643548444,37437.7109375,37917.6015625
2022-01-31 00:00:00,38483.125,37920.28125,38647.26171875,20734730465,36733.57421875,38483.125
2022-02-01 00:00:00,38743.2734375,38481.765625,39115.1328125,20288500328,38113.6640625,38743.2734375
2022-02-02 00:00:00,36952.984375,38743.71484375,38834.6171875,19155189416,36832.73046875,36952.984375
2022-02-03 00:00:00,37154.6015625,36944.8046875,37154.6015625,18591534769,36375.5390625,37154.6015625
2022-02-04 00:00:00,41500.875,37149.265625,41527.78515625,29412210792,37093.62890625,41500.875
2022-02-05 00:00:00,41441.1640625,41501.48046875,41847.1640625,19652846215,41038.09765625,41441.1640625
2022-02-06 00:00:00,42412.43359375,41441.12109375,42500.78515625,16142097334,41244.90625,42412.43359375
2022-02-07 00:00:00,43840.28515625,42406.78125,44401.86328125,28641855926,41748.15625,43840.28515625
2022-02-08 00:00:00,44118.4453125,43854.65234375,45293.8671875,33079398868,42807.8359375,44118.4453125
2022-02-09 00:00:00,44338.796875,44096.703125,44727.80078125,23245887300,43232.96875,44338.796875
2022-02-10 00:00:00,43565.11328125,44347.80078125,45661.171875,32142048537,43402.80859375,43565.11328125
2022-02-11 00:00:00,42407.9375,43571.12890625,43810.83203125,26954925781,42114.5390625,42407.9375
2022-02-12 00:00:00,42244.46875,42412.30078125,42992.55078125,18152390304,41852.57421875,42244.46875
2022-02-13 00:00:00,42197.515625,42236.56640625,42693.0546875,14741589015,41950.94140625,42197.515625
2022-02-14 00:00:00,42586.91796875,42157.3984375,42775.77734375,20827783012,41681.95703125,42586.91796875
2022-02-15 00:00:00,44575.203125,42586.46484375,44667.21875,22721659051,42491.03515625,44575.203125
2022-02-16 00:00:00,43961.859375,44578.27734375,44578.27734375,19792547657,43456.69140625,43961.859375
2022-02-17 00:00:00,40538.01171875,43937.0703125,44132.97265625,26246662813,40249.37109375,40538.01171875
2022-02-18 00:00:00,40030.9765625,40552.1328125,40929.15234375,23310007704,39637.6171875,40030.9765625
2022-02-19 00:00:00,40122.15625,40026.0234375,40418.87890625,13736557863,39713.05859375,40122.15625
2022-02-20 00:00:00,38431.37890625,40118.1015625,40119.890625,18340576452,38112.8125,38431.37890625
2022-02-21 00:00:00,37075.28125,38423.2109375,39394.4375,29280402798,36950.4765625,37075.28125
2022-02-22 00:00:00,38286.02734375,37068.76953125,38359.85546875,25493150450,36488.93359375,38286.02734375
2022-02-23 00:00:00,37296.5703125,38285.28125,39122.39453125,21849073843,37201.81640625,37296.5703125
2022-02-24 00:00:00,38332.609375,37278.56640625,38968.83984375,46383802093,34459.21875,38332.609375
2022-02-25 00:00:00,39214.21875,38333.74609375,39630.32421875,26545599159,38111.34375,39214.21875
2022-02-26 00:00:00,39105.1484375,39213.08203125,40005.34765625,17467554129,38702.53515625,39105.1484375
2022-02-27 00:00:00,37709.78515625,39098.69921875,39778.94140625,23450127612,37268.9765625,37709.78515625
2022-02-28 00:00:00,43193.234375,37706.0,43760.45703125,35690014104,37518.21484375,43193.234375
2022-03-01 00:00:00,44354.63671875,43194.50390625,44793.6015625,32479047645,42952.5859375,44354.63671875
2022-03-02 00:00:00,43924.1171875,44357.6171875,45077.578125,29183112630,43432.8515625,43924.1171875
2022-03-03 00:00:00,42451.7890625,43925.1953125,44021.578125,24967782593,41914.75,42451.7890625
2022-03-04 00:00:00,39137.60546875,42458.140625,42479.61328125,28516271427,38805.84765625,39137.60546875
2022-03-05 00:00:00,39400.5859375,39148.44921875,39566.3359375,16975917450,38777.03515625,39400.5859375
2022-03-06 00:00:00,38419.984375,39404.19921875,39640.17578125,19745229902,38211.6484375,38419.984375
2022-03-07 00:00:00,38062.0390625,38429.3046875,39430.2265625,28546143503,37260.203125,38062.0390625
2022-03-08 00:00:00,38737.26953125,38059.90234375,39304.44140625,25776583476,37957.38671875,38737.26953125
2022-03-09 00:00:00,41982.92578125,38742.81640625,42465.671875,32284121034,38706.09375,41982.92578125
2022-03-10 00:00:00,39437.4609375,41974.0703125,42004.7265625,31078064711,38832.94140625,39437.4609375
2022-03-11 00:00:00,38794.97265625,39439.96875,40081.6796875,26364890465,38347.43359375,38794.97265625
2022-03-12 00:00:00,38904.01171875,38794.46484375,39308.59765625,14616450657,38772.53515625,38904.01171875
2022-03-13 00:00:00,37849.6640625,38884.7265625,39209.3515625,17300745310,37728.14453125,37849.6640625
2022-03-14 00:00:00,39666.75390625,37846.31640625,39742.5,24322159070,37680.734375,39666.75390625
2022-03-15 00:00:00,39338.78515625,39664.25,39794.62890625,23934000868,38310.2109375,39338.78515625
2022-03-16 00:00:00,41143.9296875,39335.5703125,41465.453125,39616916192,39022.34765625,41143.9296875
2022-03-17 00:00:00,40951.37890625,41140.84375,41287.53515625,22009601093,40662.87109375,40951.37890625
2022-03-18 00:00:00,41801.15625,40944.83984375,42195.74609375,34421564942,40302.3984375,41801.15625
2022-03-19 00:00:00,42190.65234375,41794.6484375,42316.5546875,19664853187,41602.66796875,42190.65234375
2022-03-20 00:00:00,41247.82421875,42191.40625,42241.1640625,20127946682,41004.7578125,41247.82421875
2022-03-21 00:00:00,41077.99609375,41246.1328125,41454.41015625,24615543271,40668.04296875,41077.99609375
2022-03-22 00:00:00,42358.80859375,41074.10546875,43124.70703125,32004652376,40948.28125,42358.80859375
2022-03-23 00:00:00,42892.95703125,42364.37890625,42893.5078125,25242943069,41877.5078125,42892.95703125
2022-03-24 00:00:00,43960.93359375,42886.65234375,44131.85546875,31042992291,42726.1640625,43960.93359375
2022-03-25 00:00:00,44348.73046875,43964.546875,44999.4921875,30574413034,43706.28515625,44348.73046875
2022-03-26 00:00:00,44500.828125,44349.859375,44735.99609375,16950455995,44166.2734375,44500.828125
2022-03-27 00:00:00,46820.4921875,44505.35546875,46827.546875,28160889722,44437.29296875,46820.4921875
2022-03-28 00:00:00,47128.00390625,46821.8515625,48086.8359375,36362175703,46690.203125,47128.00390625
2022-03-29 00:00:00,47465.73046875,47100.4375,48022.2890625,31397059069,47100.4375,47465.73046875
2022-03-30 00:00:00,47062.6640625,47456.8984375,47655.1484375,29333883962,46746.2109375,47062.6640625
2022-03-31 00:00:00,45538.67578125,47062.1484375,47512.02734375,33327427106,45390.5390625,45538.67578125
2022-04-01 00:00:00,46281.64453125,45554.1640625,46616.2421875,38162644287,44403.140625,46281.64453125
2022-04-02 00:00:00,45868.94921875,46285.5,47028.28125,29336594194,45782.51171875,45868.94921875
2022-04-03 00:00:00,46453.56640625,45859.12890625,47313.4765625,25414397610,45634.10546875,46453.56640625
2022-04-04 00:00:00,46622.67578125,46445.2734375,46791.08984375,32499785455,45235.81640625,46622.67578125
2022-04-05 00:00:00,45555.9921875,46624.5078125,47106.140625,29640604055,45544.80859375,45555.9921875
2022-04-06 00:00:00,43206.73828125,45544.35546875,45544.35546875,39393395788,43193.953125,43206.73828125
2022-04-07 00:00:00,43503.84765625,43207.5,43860.69921875,26101973106,42899.90625,43503.84765625
2022-04-08 00:00:00,42287.6640625,43505.13671875,43903.01953125,27215995394,42183.2890625,42287.6640625
2022-04-09 00:00:00,42782.13671875,42282.078125,42786.81640625,16050772496,42183.25390625,42782.13671875
2022-04-10 00:00:00,42207.671875,42781.08984375,43376.37890625,17654475582,42021.20703125,42207.671875
2022-04-11 00:00:00,39521.90234375,42201.0390625,42424.58984375,33949912166,39373.05859375,39521.90234375
2022-04-12 00:00:00,40127.18359375,39533.71484375,40617.5859375,30991500854,39388.328125,40127.18359375
2022-04-13 00:00:00,41166.73046875,40123.5703125,41430.0546875,27691105228,39712.74609375,41166.73046875
2022-04-14 00:00:00,39935.515625,41160.21875,41451.48046875,24342001973,39695.74609375,39935.515625
2022-04-15 00:00:00,40553.46484375,39939.40234375,40617.72265625,21756855753,39866.83203125,40553.46484375
2022-04-16 00:00:00,40424.484375,40552.31640625,40633.6796875,16833150693,40078.42578125,40424.484375
2022-04-17 00:00:00,39716.953125,40417.77734375,40570.7265625,19087633042,39620.89453125,39716.953125
2022-04-18 00:00:00,40826.21484375,39721.203125,40986.3203125,33705182072,38696.19140625,40826.21484375
2022-04-19 00:00:00,41502.75,40828.17578125,41672.9609375,25303206547,40618.6328125,41502.75
2022-04-20 00:00:00,41374.37890625,41501.74609375,42126.30078125,27819532341,40961.09765625,41374.37890625
2022-04-21 00:00:00,40527.36328125,41371.515625,42893.58203125,35372786395,40063.828125,40527.36328125
2022-04-22 00:00:00,39740.3203125,40525.86328125,40777.7578125,28011716745,39315.41796875,39740.3203125
2022-04-23 00:00:00,39486.73046875,39738.72265625,39935.859375,16138021249,39352.203125,39486.73046875
2022-04-24 00:00:00,39469.29296875,39478.375,39845.92578125,17964398167,39233.5390625,39469.29296875
2022-04-25 00:00:00,40458.30859375,39472.60546875,40491.75390625,35445730570,38338.37890625,40458.30859375
2022-04-26 00:00:00,38117.4609375,40448.421875,40713.890625,34569088416,37884.984375,38117.4609375
2022-04-27 00:00:00,39241.12109375,38120.30078125,39397.91796875,30981015184,37997.3125,39241.12109375
2022-04-28 00:00:00,39773.828125,39241.4296875,40269.46484375,33903704907,38941.421875,39773.828125
2022-04-29 00:00:00,38609.82421875,39768.6171875,39887.26953125,30882994649,38235.53515625,38609.82421875
2022-04-30 00:00:00,37714.875,38605.859375,38771.2109375,23895713731,37697.94140625,37714.875
2022-05-01 00:00:00,38469.09375,37713.265625,38627.859375,27002760110,37585.7890625,38469.09375
2022-05-02 00:00:00,38529.328125,38472.1875,39074.97265625,32922642426,38156.5625,38529.328125
2022-05-03 00:00:00,37750.453125,38528.109375,38629.99609375,27326943244,37585.62109375,37750.453125
2022-05-04 00:00:00,39698.37109375,37748.01171875,39902.94921875,36754404490,37732.05859375,39698.37109375
2022-05-05 00:00:00,36575.140625,39695.74609375,39789.28125,43106256317,35856.515625,36575.140625
2022-05-06 00:00:00,36040.921875,36573.18359375,36624.359375,37795577489,35482.1328125,36040.921875
2022-05-07 00:00:00,35501.953125,36042.50390625,36129.92578125,24375896406,34940.82421875,35501.953125
2022-05-08 00:00:00,34059.265625,35502.94140625,35502.94140625,36763041910,33878.96484375,34059.265625
2022-05-09 00:00:00,30296.953125,34060.015625,34222.07421875,63355494961,30296.953125,30296.953125
2022-05-10 00:00:00,31022.90625,30273.654296875,32596.30859375,59811038817,29944.802734375,31022.90625
2022-05-11 00:00:00,28936.35546875,31016.18359375,32013.40234375,70388855818,28170.4140625,28936.35546875
2022-05-12 00:00:00,29047.751953125,28936.734375,30032.439453125,66989173272,26350.490234375,29047.751953125
2022-05-13 00:00:00,29283.103515625,29030.91015625,30924.802734375,42841124537,28782.330078125,29283.103515625
2022-05-14 00:00:00,30101.265625,29285.642578125,30192.802734375,28579868620,28702.91015625,30101.265625
2022-05-15 00:00:00,31305.11328125,30098.5859375,31308.19140625,25835372065,29527.740234375,31305.11328125
2022-05-16 00:00:00,29862.91796875,31304.375,31305.341796875,32613897286,29251.884765625,29862.91796875
2022-05-17 00:00:00,30425.857421875,29862.408203125,30694.490234375,29101473475,29570.302734375,30425.857421875
2022-05-18 00:00:00,28720.271484375,30424.478515625,30618.716796875,31285268319,28720.271484375,28720.271484375
2022-05-19 00:00:00,30314.333984375,28720.359375,30430.751953125,33773447707,28708.955078125,30314.333984375
2022-05-20 00:00:00,29200.740234375,30311.119140625,30664.9765625,30749382605,28793.60546875,29200.740234375
2022-05-21 00:00:00,29432.2265625,29199.859375,29588.869140625,17274840442,29027.39453125,29432.2265625
2022-05-22 00:00:00,30323.72265625,29432.47265625,30425.861328125,21631532270,29275.18359375,30323.72265625
2022-05-23 00:00:00,29098.91015625,30309.396484375,30590.5859375,31483454557,28975.560546875,29098.91015625
2022-05-24 00:00:00,29655.5859375,29101.125,29774.35546875,26616506245,28786.58984375,29655.5859375
2022-05-25 00:00:00,29562.361328125,29653.134765625,30157.78515625,27525063551,29384.94921875,29562.361328125
2022-05-26 00:00:00,29267.224609375,29564.77734375,29834.16015625,36774325352,28261.90625,29267.224609375
2022-05-27 00:00:00,28627.57421875,29251.140625,29346.943359375,36582005748,28326.61328125,28627.57421875
2022-05-28 00:00:00,28814.900390625,28622.625,28814.900390625,35519577634,28554.56640625,28814.900390625
2022-05-29 00:00:00,29445.95703125,29019.8671875,29498.009765625,18093886409,28841.107421875,29445.95703125
2022-05-30 00:00:00,31726.390625,29443.365234375,31949.630859375,39277993274,29303.572265625,31726.390625
2022-05-31 00:00:00,31792.310546875,31723.865234375,32249.86328125,33538210634,31286.154296875,31792.310546875
2022-06-01 00:00:00,29799.080078125,31792.5546875,31957.28515625,41135817341,29501.587890625,29799.080078125
2022-06-02 00:00:00,30467.48828125,29794.890625,30604.734375,29083562061,29652.705078125,30467.48828125
2022-06-03 00:00:00,29704.390625,30467.806640625,30633.03515625,26175547452,29375.689453125,29704.390625
2022-06-04 00:00:00,29832.9140625,29706.138671875,29930.564453125,16588370958,29500.005859375,29832.9140625
2022-06-05 00:00:00,29906.662109375,29835.1171875,30117.744140625,17264085441,29574.44921875,29906.662109375
2022-06-06 00:00:00,31370.671875,29910.283203125,31693.291015625,31947336829,29894.1875,31370.671875
2022-06-07 00:00:00,31155.478515625,31371.7421875,31489.68359375,40770974039,29311.68359375,31155.478515625
2022-06-08 00:00:00,30214.35546875,31151.48046875,31253.69140625,30242059107,29944.404296875,30214.35546875
2022-06-09 00:00:00,30111.998046875,30215.279296875,30609.310546875,21692004719,30020.265625,30111.998046875
2022-06-10 00:00:00,29083.8046875,30110.330078125,30245.80859375,29867476527,28978.146484375,29083.8046875
2022-06-11 00:00:00,28360.810546875,29084.666015625,29401.916015625,27246574439,28236.212890625,28360.810546875
2022-06-12 00:00:00,26762.6484375,28373.513671875,28502.685546875,34163220274,26762.6484375,26762.6484375
2022-06-13 00:00:00,22487.388671875,26737.578125,26795.58984375,68204556440,22141.2578125,22487.388671875
2022-06-14 00:00:00,22206.79296875,22487.986328125,23018.951171875,50913575242,20950.818359375,22206.79296875
2022-06-15 00:00:00,22572.83984375,22196.73046875,22642.671875,54912007015,20178.376953125,22572.83984375
2022-06-16 00:00:00,20381.650390625,22576.3046875,22868.921875,31183975654,20265.2265625,20381.650390625
2022-06-17 00:00:00,20471.482421875,20385.71875,21243.3125,27132421514,20326.51953125,20471.482421875
2022-06-18 00:00:00,19017.642578125,20473.42578125,20736.041015625,42009436760,17708.623046875,19017.642578125
2022-06-19 00:00:00,20553.271484375,19010.90234375,20683.822265625,35329942625,18067.15234375,20553.271484375
2022-06-20 00:00:00,20599.537109375,20553.37109375,20913.322265625,30818458597,19689.169921875,20599.537109375
2022-06-21 00:00:00,20710.59765625,20594.294921875,21620.62890625,28970212744,20415.0625,20710.59765625
2022-06-22 00:00:00,19987.029296875,20719.4140625,20835.75,28574793478,19848.078125,19987.029296875
2022-06-23 00:00:00,21085.876953125,19986.607421875,21135.76171875,26188097173,19950.1171875,21085.876953125
2022-06-24 00:00:00,21231.65625,21084.6484375,21472.91796875,24957784918,20777.51171875,21231.65625
2022-06-25 00:00:00,21502.337890625,21233.609375,21520.9140625,18372538715,20964.5859375,21502.337890625
2022-06-26 00:00:00,21027.294921875,21496.494140625,21783.724609375,18027170497,21016.26953125,21027.294921875
2022-06-27 00:00:00,20735.478515625,21028.23828125,21478.08984375,20965695707,20620.19921875,20735.478515625
2022-06-28 00:00:00,20280.634765625,20731.544921875,21164.423828125,21381535161,20228.8125,20280.634765625
2022-06-29 00:00:00,20104.0234375,20281.169921875,20364.15625,23552740328,19937.791015625,20104.0234375
2022-06-30 00:00:00,19784.7265625,20108.3125,20141.16015625,26267239923,18729.65625,19784.7265625
2022-07-01 00:00:00,19269.3671875,19820.470703125,20632.671875,30767551159,19073.708984375,19269.3671875
2022-07-02 00:00:00,19242.255859375,19274.8359375,19371.748046875,18100418740,19027.08203125,19242.255859375
2022-07-03 00:00:00,19297.076171875,19242.095703125,19558.26953125,16390821947,18966.951171875,19297.076171875
2022-07-04 00:00:00,20231.26171875,19297.314453125,20258.748046875,21594638208,19063.06640625,20231.26171875
2022-07-05 00:00:00,20190.115234375,20225.353515625,20635.466796875,26715546990,19341.232421875,20190.115234375
2022-07-06 00:00:00,20548.24609375,20194.619140625,20595.529296875,24598943708,19823.51171875,20548.24609375
2022-07-07 00:00:00,21637.587890625,20547.814453125,21771.81640625,25814972520,20296.103515625,21637.587890625
2022-07-08 00:00:00,21731.1171875,21637.154296875,22314.94140625,49899834488,21257.453125,21731.1171875
2022-07-09 00:00:00,21592.20703125,21716.828125,21877.138671875,29641127858,21445.95703125,21592.20703125
2022-07-10 00:00:00,20860.44921875,21591.080078125,21591.080078125,28688807249,20727.123046875,20860.44921875
2022-07-11 00:00:00,19970.556640625,20856.353515625,20856.353515625,24150249025,19924.5390625,19970.556640625
2022-07-12 00:00:00,19323.9140625,19970.474609375,20043.4453125,25810220018,19308.53125,19323.9140625
2022-07-13 00:00:00,20212.07421875,19325.97265625,20223.052734375,33042430345,18999.953125,20212.07421875
2022-07-14 00:00:00,20569.919921875,20211.466796875,20789.89453125,31158743333,19689.2578125,20569.919921875
2022-07-15 00:00:00,20836.328125,20573.15625,21138.244140625,25905575359,20397.0,20836.328125
2022-07-16 00:00:00,21190.31640625,20834.103515625,21514.404296875,24302954056,20518.8984375,21190.31640625
2022-07-17 00:00:00,20779.34375,21195.041015625,21600.640625,22927802083,20778.1796875,20779.34375
2022-07-18 00:00:00,22485.689453125,20781.912109375,22633.033203125,39974475562,20781.912109375,22485.689453125
2022-07-19 00:00:00,23389.43359375,22467.849609375,23666.962890625,48765202697,21683.40625,23389.43359375
2022-07-20 00:00:00,23231.732421875,23393.19140625,24196.818359375,42932549127,23009.94921875,23231.732421875
2022-07-21 00:00:00,23164.62890625,23233.201171875,23388.322265625,33631012204,22431.1484375,23164.62890625
2022-07-22 00:00:00,22714.978515625,23163.751953125,23671.927734375,31421555646,22603.416015625,22714.978515625
2022-07-23 00:00:00,22465.478515625,22706.984375,22977.2109375,24021799169,22002.91015625,22465.478515625
2022-07-24 00:00:00,22609.1640625,22465.509765625,22974.001953125,23565495303,22306.83984375,22609.1640625
2022-07-25 00:00:00,21361.701171875,22607.15625,22649.12109375,35574561406,21361.642578125,21361.701171875
2022-07-26 00:00:00,21239.75390625,21361.12109375,21361.12109375,28624673855,20776.81640625,21239.75390625
2022-07-27 00:00:00,22930.548828125,21244.169921875,22986.529296875,31758955233,21070.806640625,22930.548828125
2022-07-28 00:00:00,23843.88671875,22933.640625,24110.470703125,40212386158,22722.265625,23843.88671875
2022-07-29 00:00:00,23804.6328125,23845.212890625,24294.787109375,35887249746,23481.173828125,23804.6328125
2022-07-30 00:00:00,23656.20703125,23796.818359375,24572.580078125,28148218301,23580.5078125,23656.20703125
2022-07-31 00:00:00,23336.896484375,23652.0703125,24121.642578125,23553591896,23275.703125,23336.896484375
2022-08-01 00:00:00,23314.19921875,23336.71875,23464.787109375,25849159141,22890.796875,23314.19921875
2022-08-02 00:00:00,22978.1171875,23308.43359375,23415.041015625,28389250717,22710.083984375,22978.1171875
2022-08-03 00:00:00,22846.5078125,22981.302734375,23578.650390625,26288169966,22747.8359375,22846.5078125
2022-08-04 00:00:00,22630.95703125,22848.21484375,23198.009765625,25120229769,22485.701171875,22630.95703125
2022-08-05 00:00:00,23289.314453125,22626.833984375,23422.828125,28881249043,22612.177734375,23289.314453125
2022-08-06 00:00:00,22961.279296875,23291.423828125,23326.5625,15978259885,22961.279296875,22961.279296875
2022-08-07 00:00:00,23175.890625,22963.505859375,23359.009765625,15886817043,22894.556640625,23175.890625
2022-08-08 00:00:00,23809.486328125,23179.52734375,24203.689453125,28575544847,23176.546875,23809.486328125
2022-08-09 00:00:00,23164.318359375,23811.484375,23898.615234375,23555719219,22982.0,23164.318359375
2022-08-10 00:00:00,23947.642578125,23162.8984375,24127.4140625,32837431722,22771.51953125,23947.642578125
2022-08-11 00:00:00,23957.529296875,23948.345703125,24822.62890625,37127036580,23900.99609375,23957.529296875
2022-08-12 00:00:00,24402.818359375,23957.203125,24412.56640625,27265804688,23657.265625,24402.818359375
2022-08-13 00:00:00,24424.068359375,24402.1875,24860.05078125,22987346289,24346.115234375,24424.068359375
2022-08-14 00:00:00,24319.333984375,24429.056640625,24974.9140625,22994133555,24206.259765625,24319.333984375
2022-08-15 00:00:00,24136.97265625,24318.31640625,25135.58984375,35123501685,23839.775390625,24136.97265625
2022-08-16 00:00:00,23883.291015625,24126.13671875,24228.416015625,27753685646,23733.5,23883.291015625
2022-08-17 00:00:00,23335.998046875,23881.31640625,24407.05859375,30931623076,23243.353515625,23335.998046875
2022-08-18 00:00:00,23212.73828125,23341.0390625,23563.83203125,23747613147,23177.6015625,23212.73828125
2022-08-19 00:00:00,20877.552734375,23213.3125,23213.3125,40509610260,20868.84765625,20877.552734375
2022-08-20 00:00:00,21166.060546875,20872.841796875,21350.806640625,27595671000,20856.73046875,21166.060546875
2022-08-21 00:00:00,21534.12109375,21160.392578125,21668.845703125,23102307723,21103.197265625,21534.12109375
2022-08-22 00:00:00,21398.908203125,21531.462890625,21531.462890625,31666498758,20939.18359375,21398.908203125
2022-08-23 00:00:00,21528.087890625,21401.044921875,21646.203125,31878280659,20955.138671875,21528.087890625
2022-08-24 00:00:00,21395.01953125,21526.455078125,21783.076171875,31962253368,21195.005859375,21395.01953125
2022-08-25 00:00:00,21600.904296875,21395.458984375,21789.63671875,31028679593,21362.44140625,21600.904296875
2022-08-26 00:00:00,20260.01953125,21596.0859375,21804.908203125,42326789564,20199.482421875,20260.01953125
2022-08-27 00:00:00,20041.73828125,20262.48046875,20340.775390625,30116729776,19890.5234375,20041.73828125
2022-08-28 00:00:00,19616.814453125,20041.03515625,20139.0546875,24366810591,19616.814453125,19616.814453125
2022-08-29 00:00:00,20297.994140625,19615.154296875,20357.462890625,32637854078,19600.78515625,20297.994140625
2022-08-30 00:00:00,19796.80859375,20298.611328125,20542.64453125,34483360283,19617.640625,19796.80859375
2022-08-31 00:00:00,20049.763671875,19799.58203125,20420.990234375,33225232872,19799.58203125,20049.763671875
2022-09-01 00:00:00,20127.140625,20050.498046875,20198.390625,30182031010,19653.96875,20127.140625
2022-09-02 00:00:00,19969.771484375,20126.072265625,20401.568359375,29123998928,19814.765625,19969.771484375
2022-09-03 00:00:00,19832.087890625,19969.71875,20037.009765625,23613051457,19698.35546875,19832.087890625
2022-09-04 00:00:00,19986.712890625,19832.470703125,19999.689453125,25245861652,19636.81640625,19986.712890625
2022-09-05 00:00:00,19812.37109375,19988.7890625,20031.16015625,28813460025,19673.046875,19812.37109375
2022-09-06 00:00:00,18837.66796875,19817.724609375,20155.26953125,43403978910,18800.171875,18837.66796875
2022-09-07 00:00:00,19290.32421875,18837.68359375,19427.171875,35239757134,18644.466796875,19290.32421875
2022-09-08 00:00:00,19329.833984375,19289.94140625,19417.3515625,32194477850,19076.71484375,19329.833984375
2022-09-09 00:00:00,21381.15234375,19328.140625,21439.41015625,48469528171,19310.962890625,21381.15234375
2022-09-10 00:00:00,21680.5390625,21376.912109375,21760.275390625,36913738894,21168.72265625,21680.5390625
2022-09-11 00:00:00,21769.255859375,21678.54296875,21770.552734375,34493951963,21406.9453125,21769.255859375
2022-09-12 00:00:00,22370.44921875,21770.1484375,22439.181640625,50212088965,21603.896484375,22370.44921875
2022-09-13 00:00:00,20296.70703125,22371.48046875,22673.8203125,51091116622,20062.669921875,20296.70703125
2022-09-14 00:00:00,20241.08984375,20184.5546875,20467.201171875,37872380889,19793.396484375,20241.08984375
2022-09-15 00:00:00,19701.2109375,20242.2890625,20318.166015625,36389011503,19636.734375,19701.2109375
2022-09-16 00:00:00,19772.583984375,19704.005859375,19870.62890625,30123362273,19400.076171875,19772.583984375
2022-09-17 00:00:00,20127.576171875,19777.033203125,20162.53125,24957448100,19777.033203125,20127.576171875
2022-09-18 00:00:00,19419.505859375,20127.234375,20127.234375,31254779144,19387.4921875,19419.505859375
2022-09-19 00:00:00,19544.12890625,19418.572265625,19639.48046875,40177002624,18390.318359375,19544.12890625
2022-09-20 00:00:00,18890.7890625,19545.591796875,19602.45703125,36791346508,18813.455078125,18890.7890625
2022-09-21 00:00:00,18547.400390625,18891.283203125,19674.630859375,46363793975,18290.314453125,18547.400390625
2022-09-22 00:00:00,19413.55078125,18534.650390625,19456.91015625,41135767926,18415.591796875,19413.55078125
2022-09-23 00:00:00,19297.638671875,19412.400390625,19464.671875,38896078052,18617.552734375,19297.638671875
2022-09-24 00:00:00,18937.01171875,19296.990234375,19310.197265625,26149643168,18861.974609375,18937.01171875
2022-09-25 00:00:00,18802.09765625,18936.310546875,19134.732421875,23359966112,18696.46875,18802.09765625
2022-09-26 00:00:00,19222.671875,18803.900390625,19274.873046875,44148798321,18721.28515625,19222.671875
2022-09-27 00:00:00,19110.546875,19221.83984375,20338.455078125,58571439619,18915.66796875,19110.546875
2022-09-28 08:55:00,18749.263671875,19099.47265625,19198.626953125,54981459968,18553.296875,18749.263671875
